,name,wkn,index,de_ticker,ticker,industry,ISIN
1400,Kronos Bio,-,USA,not_found,not_found,not_found,not_found
1401,Krystal Biotech Inc.,A2JH2F,USA,4KB,KRYS,Biotechnologie,US5011471027
1402,Kubient,-,USA,not_found,not_found,not_found,not_found
1403,Kulicke & Soffa Industries Inc.,854118,USA,KU1,KLIC,Halbleiter,US5012421013
1404,Kura Oncology Inc.,A143UH,USA,KUR,KURA,Biotechnologie,US50127T1097
1405,Kura Sushi USA,-,USA,not_found,not_found,not_found,not_found
1406,KVH Industries,901939,USA,KVH,KVHI,Telekom,US4827381017
1407,Kymera Therapeutics,-,USA,not_found,not_found,not_found,not_found
1408,L.B. Foster Company,867748,USA,LB1A,FSTR,Bau/Infrastruktur,US3500601097
1409,La Jolla Pharmaceutical Co.,A1XB6B,USA,LJPP,LJPC,Pharma,US5034596040
1410,Lake Shore Bancorp,A0JKKC,USA,,LSBK,Finanzdienstleistungen,US5107001076
1411,Lakeland Bancorp,631666,USA,LKL,LBAI,Finanzdienstleistungen,US5116371007
1412,Lakeland Financial Corp,923140,USA,not_found,LKFN,Finanzdienstleistungen,US5116561003
1413,Lakeland Industries Inc.,897575,USA,LLI,LAKE,Bekleidung/Textil,US5117951062
1414,Lam Research Corp.,869686,USA,LAR,LRCX,Halbleiter,US5128071082
1415,Lamar Advertising Co.,A12FFH,USA,6LA,LAMR,Dienstleistungen,US5128161099
1416,Lancaster Colony Corp.,858141,USA,LC1,LANC,Konsumgüter,US5138471033
1417,Landec Corp.,899376,USA,LDE,LNDC,Sonstige Technologie,US5147661046
1418,Landmark Infrastructure Partners LP,A12FJB,USA,,not_found,Immobilien,US51508J1088
1419,Landos Biopharma,A2QNUF,USA,not_found,not_found,not_found,not_found
1420,Lands End Inc.,A110MJ,USA,LED,LE,Bekleidung/Textil,US51509F1057
1421,Landsea Homes Corp,A2QK2Y,USA,8HJ,LSEA,Bau/Infrastruktur,US51509P1030
1422,Landstar System Inc.,887830,USA,8HJ,LSTR,not_found,US5150981018
1423,Lanotronix Inc.,A0YGCF,USA,not_found,LTRX,Netzwerktechnik,US5165482036
1424,Lantern Pharma,-,USA,not_found,not_found,not_found,not_found
1425,Lantheus Holdings Inc.,A117UE,USA,0L8,LNTH,Gesundheitswesen,US5165441032
1426,Lattice Semiconductor Corp.,878255,USA,LTT,LSCC,Halbleiter,US5184151042
1427,Laureate Education Inc.,A2DK0X,USA,LA3A,LAUR,Dienstleistungen,US5186132032
1428,LAVA Therapeutics B.V.,A2QSJY,USA,4PKB,LVTX,Biotechnologie,NL0015000AG6
1429,Lawson Products,860437,USA,LW2,LAWS,Bau/Infrastruktur,US5207761058
1430,Lazydays Holdings,A2JGKR,USA,5ZL,LAZY,Handel/E-Commerce,US52110H1005
1431,Leap Therapeutics Inc.,A2DK5X,USA,5MC1,LPTX,Biotechnologie,US52187K1016
1432,Legacy Housing Corp,A2PDVC,USA,519,LEGH,Bau/Infrastruktur,US52472M1018
1433,Legend Biotech Corp. (ADRs),A2P5AH,USA,519,LEGN,Biotechnologie,US52490G1022
1434,LeMaitre Vascular Inc.,A0LB2B,USA,LHU,LMAT,Gesundheitswesen,US5255582018
1435,LendingTree Inc.,A12HU0,USA,T77,TREE,Finanzdienstleistungen,US52603B1070
1436,LENSAR,-,USA,not_found,not_found,not_found,not_found
1437,Leslie's,A2QF42,USA,LE3,LESL,Handel/E-Commerce,US5270641096
1438,Level One Bancorp,A2JKR9,USA,LE3,LEVL,Finanzdienstleistungen,US52730D2080
1439,Level One Bancorp,-,USA,not_found,not_found,not_found,not_found
1440,Lexaria Bioscience Corp,A2QQJB,USA,not_found,LEXX,Gesundheitswesen,US52886N4060
1441,Lexicon Pharmaceuticals Inc.,A14SSK,USA,LX31,LXRX,Biotechnologie,US5288723027
1442,LexinFintech Holdings Ltd. (ADRs),A2H97M,USA,1LFA,LX,Finanzdienstleistungen,US5288771034
1443,LGI Homes Inc.,A1W61X,USA,LG1,LGIH,Bau/Infrastruktur,US50187T1060
1444,LHC Group Inc.,A0EAST,USA,LH6,LHCG,Gesundheitswesen,US50187A1079
1445,Li Auto Inc. (ADRs),A2P93Z,USA,L87A,LI,Fahrzeuge,US50202M1027
1446,Liberty Broadband Corp,A12DQA,USA,8L8,LBRDA,Telekom,US5303071071
1447,Liberty Global PLC (A),A1W0FL,USA,1LG,LBTYA,Medien,GB00B8W67662
1448,Liberty Global PLC (C),A1W0FN,USA,1LGC,LBTYK,Medien,GB00B8W67B19
1449,Liberty Latin America Ltd,A2H9HN,USA,1LL,LILA,Medien,BMG9001E1021
1450,Liberty Media Corp,A2AHD0,USA,LM04,BATRA,Freizeitprodukte,US5312297063
1451,Liberty Media Corp,A2AHD1,USA,LM0A,BATRK,Freizeitprodukte,US5312298889
1452,Liberty Media Corp,A2AHD3,USA,LM0B,LSXMK,Medien,US5312296073
1453,Liberty Media Corp.,A2AHD2,USA,LM03,LSXMA,Medien,US5312294094
1454,Liberty Media Corp.,A2AHDZ,USA,LM05,FWONA,Medien,US5312298707
1455,Liberty Media Corp. (C Shares),A2AHEA,USA,LM09,FWONK,Medien,US5312298541
1456,Liberty Tripadvisor Holdings Inc. (A),A11936,USA,LT0A,LTRPA,Internet,US5314651028
1457,Liberty Tripadvisor Holdings Inc. (B),A1195C,USA,LT0B,LTRPB,Internet,US5314652018
1458,LifeMD,A2QP24,USA,not_found,not_found,not_found,not_found
1459,Lifetime Brands,A0ETCV,USA,LH1,LCUT,Konsumgüter,US53222Q1031
1460,Lifevantage Corp.,A1420J,USA,L2T1,LFVN,Pharma,US53222K2050
1461,Lifeway Foods Inc.,925083,USA,LWF,LWAY,Nahrungsmittel/Agrar,US5319141090
1462,Ligand Pharmaceuticals Inc.,A1C9RN,USA,LGDN,LGND,Pharma,US53220K5048
1463,LightPath Technologies,776051,USA,LPZB,LPTH,Sonstige Technologie,US5322578056
1464,Lilium NV,-,USA,not_found,not_found,not_found,not_found
1465,Limbach Holdings,A2APH1,USA,not_found,not_found,not_found,not_found
1466,Limelight Networks Inc.,A0MSRH,USA,LNK,LLNW,Medien,US53261M1045
1467,Limestone Bancorp,A2JPB6,USA,,LMST,Finanzdienstleistungen,US53262L1052
1468,Liminal BioSciences Inc.,A2PNHY,USA,not_found,not_found,not_found,not_found
1469,Limoneira Co.,A0YH5Z,USA,2L2,LMNR,Nahrungsmittel/Agrar,US5327461043
1470,Lincoln Electric Holdings Inc.,908231,USA,LNE,LECO,Maschinenbau,US5339001068
1471,Lindblad Expeditions Holdings Inc.,A14WKW,USA,LI4,LIND,Hotels/Tourismus,US5352191093
1472,Lion Group Holding Ltd,A2P71B,USA,not_found,LGHL,Finanzdienstleistungen,US53620U1025
1473,Lionheart Acquisition Corp,-,USA,not_found,not_found,not_found,not_found
1474,Lipocine Inc.,A110VP,USA,2VT,LPCN,Pharma,US53630X1046
1475,LiqTech International,A2PGR0,USA,39J,LIQT,Maschinenbau,US53632A2015
1476,Liquid Media Group Ltd.,A2N7MR,USA,L7BB,YVR,Getränke/Tabak,CA53634Q2045
1477,Liquidia Technologies Inc.,A2JRNS,USA,LT4,LQDA,Biotechnologie,US53635D2027
1478,Liquidity Services Inc.,A0JEFP,USA,L1S,LQDT,Internet,US53635B1070
1479,LivaNova PLC,A14156,USA,LIA,LIVN,Gesundheitswesen,GB00BYMT0J19
1480,Live Oak Bancshares,A141C9,USA,not_found,not_found,not_found,not_found
1481,Live Ventures Inc.,A2DHCV,USA,UYXP,LIVE,Internet,US5381423087
1482,LivePerson Inc.,936891,USA,LVO,LPSN,Internet,US5381461012
1483,Lixte Biotechnology Holdings Inc.,A2QJDN,USA,864,LIXT,Biotechnologie,US5393192027
1484,LIZHI,-,USA,not_found,not_found,not_found,not_found
1485,LKQ Corp.,254570,USA,LKQ1,LKQ,Dienstleistungen,US5018892084
1486,LMP Automotive Holdings Inc.,A2PQ7J,USA,0RH,LMPX,Fahrzeuge,US53952P1012
1487,Logicbio Therapeutics Inc.,A2N7B4,USA,0IF,LOGC,Biotechnologie,US54142F1021
1488,Logitech International S.A.,A0J3YT,USA,LTEC,LOGN.SW,Hardware,CH0025751329
1489,Longboard Pharmaceuticals,A2QQZ6,USA,not_found,LBPH,Biotechnologie,US54300N1037
1490,Longeveron,-,USA,not_found,not_found,not_found,not_found
1491,Loop Industries,A2DX71,USA,3L9,LOOP,Kunststoffe/Verpackungen,US5435181046
1492,Loral Space & Communications Inc.,A0H0KP,USA,not_found,not_found,not_found,not_found
1493,Lordstown Motors Corp,A2QGHG,USA,not_found,RIDE,Fahrzeuge,US54405Q1004
1494,LPL Financial Holdings Inc.,A1JZ6S,USA,7LI,LPLA,Finanzdienstleistungen,US50212V1008
1495,LSI Industries Inc.,919518,USA,LS2,LYTS,Sonstige Technologie,US50216C1080
1496,Lucid Group,A3CVXG,USA,CH2A,LCID,Fahrzeuge,US5494981039
1497,Lucira Health,A2QMTB,USA,not_found,LHDX,Gesundheitswesen,US54948U1051
1498,Lululemon Athletica Inc.,A0MXBY,USA,33L,LULU,Bekleidung/Textil,US5500211090
1499,Lumentum Holdings Inc.,A14WK0,USA,LU2,LITE,Elektrotechnologie,US55024U1097
1500,Luminar Technologies Inc.,A2QDGP,USA,9FS,LAZR,Fahrzeuge,US5504241051
1501,Lumos Pharma Inc.,A2P12E,USA,4NX1,LUMO,Biotechnologie,US55028X1090
1502,Luna Innovations,A0JKG6,USA,not_found,LUNA,Sonstige Technologie,US5503511009
1503,Luokung Technology Corp.,A2N5K7,USA,6BT,LKCO,Software,VGG569811067
1504,Luther Burbank Corp.,A2H8ZP,USA,3QM,LBC,Finanzdienstleistungen,US5505501073
1505,Lux Health Tech Acquisition Corp,A2QF4C,USA,not_found,not_found,not_found,not_found
1506,Lyft Inc.,A2PE38,USA,LY0,LYFT,Software,US55087P1049
1507,Lyra Therapeutics,-,USA,not_found,not_found,not_found,not_found
1508,Macatawa Bank Corp,675406,USA,,MCBC,Finanzdienstleistungen,US5542251021
1509,MACOM Technology Solutions Holdings Inc.,A1JU1D,USA,1MA,MTSI,Halbleiter,US55405Y1001
1510,MacroGenics Inc.,A1W6ND,USA,M55,MGNX,Biotechnologie,US5560991094
1511,Madrigal Pharmaceuticals Corp.,A2APCZ,USA,YDO1,MDGL,Pharma,US5588681057
1512,Magellan Health Inc.,A0BLRV,USA,not_found,not_found,not_found,not_found
1513,Magenta Therapeutics Inc.,A2JPD6,USA,3MT,MGTA,Biotechnologie,US55910K1088
1514,Magic Software Enterprises Ltd.,885455,USA,MGK,MGIC,Software,IL0010823123
1515,Magnite Inc.,A2P75A,USA,15R,MGNI,Dienstleistungen,US55955D1000
1516,Maiden Holdings Ltd,A0QZ6P,USA,4OWA,MHLD,Finanzdienstleistungen,BMG5753U1128
1517,MainStreet Bancshares,A2PNCT,USA,5L0,MNSB,Finanzdienstleistungen,US56064Y1001
1518,Mainz Biomed B.V.,A3C6XX,USA,4TO,MYNZ,Biotechnologie,NL0015000LC2
1519,MakeMyTrip Ltd.,A1C3UJ,USA,MY1,MMYT,Hotels/Tourismus,MU0295S00016
1520,Malacca Straits Acquisition Company Limited,-,USA,not_found,not_found,not_found,not_found
1521,Malibu Boats,A1XB59,USA,M05,MBUU,Freizeitprodukte,US56117J1007
1522,Mallard Acquisition Corp,A2QD8K,USA,not_found,not_found,not_found,not_found
1523,Mammoth Energy Services Inc.,A2AS8R,USA,5M8,TUSK,Öl/Gas,US56155L1089
1524,Manhattan Associates Inc.,913804,USA,MHT,MANH,Software,US5627501092
1525,Manhattan Bridge Capital,A0Q67J,USA,,LOAN,Finanzdienstleistungen,US5628031065
1526,Manitex International,A0Q23R,USA,VE8,MNTX,Maschinenbau,US5634201082
1527,Mannatech,A1JS06,USA,MNNN,MTEX,Nahrungsmittel/Agrar,US5637712036
1528,MannKind Corp.,A2DMZL,USA,NNFN,MNKD,Biotechnologie,US56400P7069
1529,Mantech International Corp.,983102,USA,MNMA,MANT,IT-Dienstleistungen,US5645631046
1530,Marathon Digital Holdings Inc.,A2JSR6,USA,not_found,not_found,not_found,not_found
1531,Maravai LifeSciences Holdings Inc.,A2QHK8,USA,MAR,MRVI,Biotechnologie,US56600D1072
1532,Marchex,A0B9KJ,USA,NHM,MCHX,Internet,US56624R1086
1533,Marin Software Inc.,A2JSTP,USA,2MAA,MRIN,Software,US56804T2050
1534,Marine Petroleum Trust,875340,USA,not_found,not_found,not_found,not_found
1535,Maris-Tech Ltd,-,USA,not_found,not_found,not_found,not_found
1536,Marker Therapeutics Inc.,A2N7XT,USA,GX1N,MRKR,Biotechnologie,US57055L1070
1537,MarketAxess Holdings Inc.,A0B897,USA,MWI,MKTX,IT-Dienstleistungen,US57060D1081
1538,Marriott International Inc.,913070,USA,MAQ,MAR,Hotels/Tourismus,US5719032022
1539,Marrone Bio Innovations Inc.,A1W30B,USA,0MB,MBII,Chemie,US57165B1061
1540,Marten Transport Ltd,923455,USA,not_found,MRTN,Logistik/Transport,US5730751089
1541,Martin Midstream Partners LP,765872,USA,,MMLP,Öl/Gas,US5733311055
1542,MasterCraft Boat Holdings,A2N9VT,USA,1SG,MCFT,Freizeitprodukte,US57637H1032
1543,Match Group Inc.,A2P75D,USA,4MGN,MTCH,Internet,US57667L1070
1544,Materialise N.V. (ADRs),A112H0,USA,06MA,MTLS,Software,US57667T1007
1545,Matrix Service Co.,880420,USA,MX2,MTRX,Bau/Infrastruktur,US5768531056
1546,Mattel Inc.,851704,USA,MTT,MAT,Konsumgüter,US5770811025
1547,Matthews International Corp.,905720,USA,MW1A,MATW,Dienstleistungen,US5771281012
1548,McAfee Corp,A2QE45,USA,MC7,MCFE,Software,US5790631080
1549,McGrath RentCorp,919322,USA,,MGRC,Dienstleistungen,US5805891091
1550,MDJM Ltd,-,USA,not_found,not_found,not_found,not_found
1551,Medalist Diversified REIT,-,USA,not_found,not_found,not_found,not_found
1552,Medalist Diversified REIT,-,USA,not_found,not_found,not_found,not_found
1553,Medallion Bank Fixed-to-Floating Rate Non-Cumulative Perpetual Preferred Stock Series F,-,USA,not_found,not_found,not_found,not_found
1554,Medallion Financial Corp.,900961,USA,MD5,MFIN,Finanzdienstleistungen,US5839281061
1555,MedAvail Holdings Inc.,A2QJDM,USA,73M0,MDVL,Gesundheitswesen,US58406B1035
1556,Medicenna Therapeutics Corp,-,USA,not_found,not_found,not_found,not_found
1557,Medicinova Inc.,A0LF3U,USA,RMN,MNOV,Pharma,US58468P2065
1558,Medigus Ltd. (ADRs),A2NB7X,USA,2QM,MDGS,Gesundheitswesen,US58471G3002
1559,MediWound Ltd.,A110TG,USA,M8W,MDWD,Biotechnologie,IL0011316309
1560,Medpace Holdings Inc.,A2APTV,USA,01P,MEDP,Pharma,US58506Q1094
1561,MedTech Acquisition Corp,A2QK2E,USA,not_found,not_found,not_found,not_found
1562,MEI Pharma Inc.,A1KATX,USA,MMIA,MEIP,Pharma,US55279B2025
1563,MeiraGTx Holdings plc,A2JGHF,USA,328,MGTX,Biotechnologie,KYG596651029
1564,Melco Resorts & Entertainment Ltd. (ADRs),A0LF1J,USA,MAS,MLCON.MX,Unterhaltung,US5854641009
1565,Mercadolibre Inc.,A0MYNP,USA,MLB1,MELI,Internet,US58733R1023
1566,Mercantile Bank Corp,675407,USA,MCS,MBWM,Finanzdienstleistungen,US5873761044
1567,Mercer International,985284,USA,AEZ,MERC,Holz/Papier,US5880561015
1568,Merchants Bancorp,A2H6X2,USA,3KD,MBIN,Finanzdienstleistungen,US58844R1086
1569,Mercurity Fintech Holding Inc. (ADRs),A2P40N,USA,WO1C,MFH,Finanzdienstleistungen,US58936H1095
1570,Mercury Systems Inc.,911843,USA,MCY,MRCY,IT-Dienstleistungen,US5893781089
1571,Mereo Biopharma Group Ltd. (ADRs),A2PEYJ,USA,MCY,MREO,not_found,US5894921072
1572,Merida Merger Corp,-,USA,not_found,not_found,not_found,not_found
1573,Meridian Bancorp,A118TZ,USA,not_found,not_found,not_found,not_found
1574,Meridian Bioscience Inc.,871583,USA,MR4,VIVO,Gesundheitswesen,US5895841014
1575,Meridian Corp,A2H64V,USA,not_found,MRBK,Finanzdienstleistungen,US58958P1049
1576,Merit Medical Systems Inc.,882361,USA,MM3,MMSI,Gesundheitswesen,US5898891040
1577,Merrimack Pharmaceuticals Inc.,A2DW3Q,USA,MP6N,MACK,Biotechnologie,US5903282094
1578,Mersana Therapeutics Inc.,A2DTR7,USA,0M4,MRSN,Biotechnologie,US59045L1061
1579,Merus N.V.,A2AKFX,USA,2GH,MRUS,Biotechnologie,NL0011606264
1580,Mesa Air Group Inc.,A2JSA9,USA,M2A,MESA,Luftfahrt/Rüstung,US5904791358
1581,Mesa Laboratories,923604,USA,MLI,MLAB,Gesundheitswesen,US59064R1095
1582,Mesoblast Ltd. (ADRs),A2AA6U,USA,LWBA,MESO,Biotechnologie,US5907171046
1583,Meta Financial Group Inc.,A0DQFX,USA,FM7,CASH,Finanzdienstleistungen,US59100U1088
1584,Meta Platforms Inc.,A1JWVX,USA,FB2A,META,Internet,US30303M1027
1585,Metacrine,-,USA,not_found,not_found,not_found,not_found
1586,Meten Holding Group Ltd,-,USA,not_found,not_found,not_found,not_found
1587,Methanex Corp.,882639,USA,MX5,MX.TO,Chemie,CA59151K1084
1588,MetroCity Bankshares,A2PSZ6,USA,7IR,MCBS,Finanzdienstleistungen,US59165J1051
1589,Metromile,A2QN82,USA,not_found,MILE,Finanzdienstleistungen,US5916971071
1590,MGE Energy,866072,USA,,MGEE,Versorger,US55277P1049
1591,MGP Ingredients Inc.,A1JSBW,USA,M1I,MGPI,Nahrungsmittel/Agrar,US55303J1060
1592,Microbot Medical Inc.,A2N5AS,USA,CY9D,MBOT,Biotechnologie,US59503A2042
1593,Microchip Technology Inc.,886105,USA,MCP,MCHP,Halbleiter,US5950171042
1594,Micron Technology Inc.,869020,USA,MTE,MU,Halbleiter,US5951121038
1595,Microsoft Corp.,870747,USA,MSF,MSFT,Software,US5949181045
1596,MicroStrategy Inc.,722713,USA,MIGA,MSTR,Software,US5949724083
1597,Microvision Inc.,A1JUDY,USA,MVIN,MVIS,Elektrotechnologie,US5949603048
1598,MICT,-,USA,not_found,not_found,not_found,not_found
1599,Mid Penn Bancorp,A0D998,USA,not_found,not_found,not_found,not_found
1600,Mid-Southern Bancorp,-,USA,not_found,not_found,not_found,not_found
1601,Midatech Pharma PLC (ADRs),A2P1AJ,USA,5MPD,5MPD.F,Pharma,US59564R3021
1602,Middleby Corp.,923608,USA,not_found,not_found,not_found,not_found
1603,Middlefield Banc Corp,A0YJ09,USA,not_found,not_found,not_found,not_found
1604,Middlesex Water Co.,923609,USA,MSX,MSEX,Versorger,US5966801087
1605,Midland States Bancorp,A2AL52,USA,6HU,MSBI,Finanzdienstleistungen,US5977421057
1606,Midwest Holding,A2QHQX,USA,6YV,MDWT,Finanzdienstleistungen,US59833J2069
1607,MidWestOne Financial Gp,A0NH05,USA,not_found,not_found,not_found,not_found
1608,Milestone Pharmaceuticals,-,USA,not_found,not_found,not_found,not_found
1609,Millicom International Cellular S.A.,889328,USA,M4M1,TIGO,Telekom,LU0038705702
1610,Mimecast Ltd.,A143T9,USA,53M,MIME,Software,GB00BYT5JK65
1611,MiMedx Group,A0MS6X,USA,,MDXG,Gesundheitswesen,US6024961012
1612,MIND C.T.I. Ltd,541933,USA,not_found,MNDO,IT-Dienstleistungen,IL0010851827
1613,Mind Medicine (MindMed) Inc.,A2P09G,USA,MMQ,MNMD,Rohstoffe,CA60255C1095
1614,MIND Technology,A2QAZ3,USA,MI7,MIND,Öl/Gas,US6025661017
1615,MIND Technology,A2QAZ2,USA,MI7A,MINDP,Öl/Gas,US6025662007
1616,Minera Neurosciences Inc.,A1171S,USA,4MN,NERV,Biotechnologie,US6033801068
1617,MingZhu Logistics Holdings Limited,A2P0EL,USA,not_found,not_found,not_found,not_found
1618,Mirati Therapeutics Inc.,A1W1XV,USA,26M,MRTX,Biotechnologie,US60468T1051
1619,Mirum Pharmaceuticals Inc.,A2PM29,USA,08D,MIRM,Pharma,US6047491013
1620,Mission Produce,A2QCW7,USA,5YM,AVO,Nahrungsmittel/Agrar,US60510V1089
1621,Mitek Systems Inc.,883036,USA,MKQ,MITK,Software,US6067102003
1622,MKS INSTRUMENTS INC.,920343,USA,MKT,MKSI,Halbleiter,US55306N1046
1623,Moderna Inc.,A2N9D9,USA,0QF,MRNA,Biotechnologie,US60770K1079
1624,Modiv Care Inc.,A2QL23,USA,PRF0,MODV,Gesundheitswesen,US60783X1046
1625,Mogo Inc.,A2PMYR,USA,SGCC,MOGO.TO,Finanzdienstleistungen,CA60800C1095
1626,Molecular Data,-,USA,not_found,not_found,not_found,not_found
1627,Molecular Templates Inc.,A2DVLK,USA,NZW2,MTEM,Pharma,US6085501095
1628,Monarch Casino & Resort,890467,USA,MOI,MCRI,Hotels/Tourismus,US6090271072
1629,Mondelez International Inc.,A1J4U0,USA,KTF,MDLZ,Nahrungsmittel/Agrar,US6092071058
1630,MoneyGram International Inc.,A1JNTV,USA,9M1N,MGI,Finanzdienstleistungen,US60935Y2081
1631,MongoDB Inc.,A2DYB1,USA,526,MDB,Software,US60937P1066
1632,Monolithic Power Systems Inc.,A0DLC4,USA,NQG,MPWR,Halbleiter,US6098391054
1633,Monopar Therapeutics Inc.,A2PQNF,USA,1IY,MNPR,Biotechnologie,US61023L1089
1634,Monro Muffler Brake Inc.,882462,USA,MR2,MNRO,Fahrzeuge,US6102361010
1635,Monroe Capital Corp,A1WZD8,USA,6JT,MRCC,Finanzdienstleistungen,US6103351010
1636,Monster Beverage Corp.,A14U5Z,USA,MOB,MNST,Getränke/Tabak,US61174X1090
1637,Morningstar Inc.,A0EADM,USA,MRS,MORN,Finanzdienstleistungen,US6177001095
1638,Morphic Holding Inc.,A2PLX9,USA,31Y,MORF,Biotechnologie,US61775R1059
1639,MorphoSys AG (ADRs),A2JJ5S,USA,MOR2,MOR2.F,Biotechnologie,US6177602025
1640,Motorcar Parts of America Inc.,910686,USA,54M,MPAA,Fahrzeuge,US6200711009
1641,Motorsport Games,A2QLQK,USA,not_found,not_found,not_found,not_found
1642,Motus GI Holdings Inc.,A2JD35,USA,7M4,MOTS,Gesundheitswesen,US62014P1084
1643,Mr. Cooper Group Inc.,A2N7G5,USA,07WA,COOP,Finanzdienstleistungen,US62482R1077
1644,Muscle Maker Inc.,A2PWWD,USA,0XJ,GRIL,Nahrungsmittel/Agrar,US6273331073
1645,Mustang Bio Inc.,A2DWVA,USA,2W6,MBIO,Biotechnologie,US62818Q1040
1646,MVB Financial Corp.,A2JGNC,USA,MV6,MVBF,Finanzdienstleistungen,US5538101024
1647,My Size Inc.,A2PVRR,USA,2YJ1,MYSZ.TA,Software,US62844N2080
1648,Mynaric AG,A0JCY1,USA,M0Y,M0Y.DE,Elektrotechnologie,DE000A0JCY11
1649,MYR Group Inc.,A0Q9UM,USA,MYP,MYRG,Bau/Infrastruktur,US55405W1045
1650,Myriad Genetics Inc.,897518,USA,MYD,MYGN,Biotechnologie,US62855J1043
1651,Nabriva Therapeutics PLC,A2QKWR,USA,NTY0,NBRV,Pharma,IE00BL53QQ85
1652,Naked Brand Group Ltd.,A3DAKM,USA,0SQ,CENN,Fahrzeuge,AU0000198582
1653,NANO-X IMAGING Ltd,-,USA,not_found,not_found,not_found,not_found
1654,NanoDimension Ltd. (ADRs),A2PTUS,USA,2N5B,2N5B.F,Hardware,US63008G2030
1655,NanoString Technologies Inc.,A1W1X2,USA,0F1,NSTG,Gesundheitswesen,US63009R1095
1656,NanoVibronix Inc.,-,USA,not_found,not_found,not_found,not_found
1657,Nanthealth Inc.,A2ALP8,USA,NEL,NH,Biotechnologie,US6301041074
1658,NAPCO Security Technologies,877793,USA,NS1,NSSC,Sonstige Technologie,US6304021057
1659,USA Inc.,813516,USA,NAQ1,NDAQ,Finanzdienstleistungen,US6311031081
1660,Natera Inc.,A14VPJ,USA,45E,NTRA,Gesundheitswesen,US6323071042
1661,Nathan's Famous,887530,USA,NFA,NATH,Nahrungsmittel/Agrar,US6323471002
1662,National Bankshares,351157,USA,9F2,NKSH,Finanzdienstleistungen,US6348651091
1663,National Beverage Corp.,901644,USA,20V,FIZZ,Getränke/Tabak,US6350171061
1664,National CineMedia Inc.,A0MKES,USA,XWM,NCMI,Dienstleistungen,US6353091076
1665,National Energy Services Reunited Corp,-,USA,not_found,not_found,not_found,not_found
1666,National Instruments Corp.,894640,USA,NI1,NATI,Hardware,US6365181022
1667,National Security Group,923632,USA,,NSEC,Finanzdienstleistungen,US6375461026
1668,National Vision Holdings Inc.,A2H5Q0,USA,7NV,EYE,Handel/E-Commerce,US63845R1077
1669,National Western Life Group Inc.,A141F6,USA,5NW,NWLI,Finanzdienstleistungen,US6385171029
1670,Natural Alternatives International Inc.,880900,USA,NA2,NAII,Biotechnologie,US6388423021
1671,Natural Health Trends Corp.,260904,USA,NAH,NHTC,Konsumgüter,US63888P4063
1672,Natural Order Acquisition Corp,A2QDG4,USA,not_found,not_found,not_found,not_found
1673,Nature's Sunshine Products,867864,USA,not_found,not_found,not_found,not_found
1674,Natus Medical Inc.,578916,USA,NM4,NTUS,Gesundheitswesen,US6390501038
1675,Navient Corp.,A11132,USA,10D,NAVI,Finanzdienstleistungen,US63938C1080
1676,NBT Bancorp,923685,USA,not_found,NBTB,Finanzdienstleistungen,US6287781024
1677,nCino Inc.,A2P7VE,USA,not_found,not_found,not_found,not_found
1678,Nektar Therapeutics,165417,USA,ITH,NKTR,Pharma,US6402681083
1679,Nemaura Medical Inc.,A2PWNG,USA,N18A,NMRD,Gesundheitswesen,US6404422080
1680,NeoGames SA,A2QHW9,USA,N9G,NGMS,Unterhaltung,LU2263803020
1681,Neogen Corp.,883297,USA,NG2,NEOG,Biotechnologie,US6404911066
1682,NeoGenomics Inc.,120159,USA,NG9,NEO,Biotechnologie,US64049M2098
1683,Neoleukin Therapeutics Inc.,A1XDJL,USA,not_found,not_found,not_found,not_found
1684,Neonode Inc.,A2N6YA,USA,SB6P,NEON,Telekom,US64051M7092
1685,Neovasc Inc.,A2PM65,USA,G5Z3,NVCN.TO,Gesundheitswesen,CA64065J3047
1686,Nephros,-,USA,not_found,not_found,not_found,not_found
1687,Neptune Wellness Solutions Inc.,A2N6DW,USA,NTU,NEPT.TO,Pharma,CA64079L1058
1688,Net 1 UEPS Technologies Inc.,A0ET3X,USA,NJPA,UEPS,Sonstige Technologie,US64107N2062
1689,NetApp Inc.,A0NHKR,USA,NTA,NTAP,Hardware,US64110D1046
1690,NetEase Inc. (ADRs),501822,USA,NEH,NTES,Internet,US64110W1027
1691,Netflix Inc.,552484,USA,NFC,NFLX,Medien,US64110L1061
1692,Netgear Inc.,578078,USA,NGJ,NTGR,Netzwerktechnik,US64111Q1040
1693,Netscout Systems Inc.,925244,USA,NSZ,NTCT,Software,US64115T1043
1694,NetSol Technologies Inc.,A1J2WE,USA,NS9B,NTWK,IT-Dienstleistungen,US64115A4022
1695,NeuBase Therapeutics Inc.,A2PNYF,USA,O7PA,NBSE,Pharma,US64132K1025
1696,NeuroBo Pharmaceuticals,-,USA,not_found,not_found,not_found,not_found
1697,Neurocrine Biosciences Inc.,900964,USA,NB3,NBIX,Biotechnologie,US64125C1099
1698,NeuroMetrix,A2PVRC,USA,NLZ,NURO,Sonstige Technologie,US6412558073
1699,Neuronetics Inc.,A2JPMY,USA,NRC,STIM,Gesundheitswesen,US64131A1051
1700,NeuroSense Therapeutics Ltd,-,USA,not_found,not_found,not_found,not_found
1701,New Fortress Energy,A2PDNK,USA,not_found,NFE,Öl/Gas,US6443931000
1702,NEW MOUNTAIN FINANCE Corp,A1JJ6G,USA,1N4,NMFC,Finanzdienstleistungen,US6475511001
1703,New York Mortgage Trust,-,USA,not_found,not_found,not_found,not_found
1704,New York Mortgage Trust,-,USA,not_found,not_found,not_found,not_found
1705,New York Mortgage Trust,A1XD0B,USA,not_found,NTWK,IT-Dienstleistungen,US64115A4022
1706,New York Mortgage Trust Inc.,A0Q3R4,USA,NKZB,NYMT,Immobilien,US6496045013
1707,NewAge Inc.,A2QBBQ,USA,N1K,NBEV,Getränke/Tabak,US6501941032
1708,Newell Brands Inc.,860036,USA,NWL,NWL,Konsumgüter,US6512291062
1709,Newmark Group,A2H62G,USA,NMB,NMRK,Immobilien,US65158N1028
1710,News Corp.,A1W048,USA,NC0B,NWS,Medien,US65249B2088
1711,News Corp. (New) A,A1W03Z,USA,NC0,NWSA,Medien,US65249B1098
1712,Newtek Business Services Corp.,A12C7Z,USA,1N31,NEWT,Finanzdienstleistungen,US6525262035
1713,NexImmune Inc.,A2QN47,USA,737,NEXI,Biotechnologie,US65344D1090
1714,Nexstar Media Group,622325,USA,NXZ,NXST,Medien,US65336K1034
1715,NextCure Inc.,A2PHHE,USA,2US,NXTC,Biotechnologie,US65343E1082
1716,NextDecade Corp.,A2DVCF,USA,2XD,NEXT,Öl/Gas,US65342K1051
1717,NextGen Healthcare Inc.,A2N5RM,USA,QY1,NXGN,IT-Dienstleistungen,US65343C1027
1718,NGM Biopharmaceuticals Inc.,A2N7B5,USA,0IK,NGM,Biotechnologie,US62921N1054
1719,NI Holdings,A2DTX5,USA,4V0,NODK,Finanzdienstleistungen,US65342T1060
1720,Nice Ltd. (ADRs),905394,USA,NSY,NICE,Sonstige Technologie,US6536561086
1721,Nicholas Financial,797793,USA,not_found,NTWK,IT-Dienstleistungen,US64115A4022
1722,Nicolet Bankshares,A2AJ03,USA,not_found,NCBS,Finanzdienstleistungen,US65406E1029
1723,Nikola Corp.,A2P4A9,USA,8NI,NKLA,Fahrzeuge,US6541101050
1724,NiSun International Enterprise Development Group Co Ltd,A2QHMS,USA,not_found,NTWK,IT-Dienstleistungen,US64115A4022
1725,Niu Technologies (ADRs),A2N7LN,USA,0O9,NIU,Fahrzeuge,US65481N1000
1726,Nkarta,-,USA,not_found,not_found,not_found,not_found
1727,nLIGHT,-,USA,not_found,not_found,not_found,not_found
1728,NLS Pharmaceutics Ltd,-,USA,not_found,not_found,not_found,not_found
1729,NMI Holdings Inc.,A1W8UB,USA,6NM,NMIH,Finanzdienstleistungen,US6292093050
1730,NN,905358,USA,NN2,NNBR,Bau/Infrastruktur,US6293371067
1731,Noodles & Co.,A1W1QK,USA,NO3,NDLS,Nahrungsmittel/Agrar,US65540B1052
1732,Nordson Corp.,866725,USA,ND1,NDSN,Maschinenbau,US6556631025
1733,Nortech Systems,923640,USA,,NSYS,Hardware,US6565531042
1734,North Mountain Merger Corp.,A2QSNS,USA,92X,NMMC,Finanzdienstleistungen,US6612041078
1735,Northeast Bank,A2PKVL,USA,73K,NBN,Finanzdienstleistungen,US66405S1006
1736,Northern Technologies International Corp,886100,USA,not_found,NTWK,IT-Dienstleistungen,US64115A4022
1737,Northern Trust Corp,-,USA,not_found,not_found,not_found,not_found
1738,Northern Trust Corp.,854009,USA,NT4,NTRS,Finanzdienstleistungen,US6658591044
1739,Northfield Bancorp,A1KB8Z,USA,not_found,NFBK,Finanzdienstleistungen,US66611T1088
1740,Northrim BanCorp,923687,USA,NRI,NRIM,Finanzdienstleistungen,US6667621097
1741,Northwest Bancshares,A0YF80,USA,NHS,NWBI,Finanzdienstleistungen,US6673401039
1742,Northwest Pipe Company,923660,USA,NW7,NWPX,Eisen/Stahl,US6677461013
1743,NorthWestern Corp,A0DLGF,USA,NWZA,NWE,Versorger,US6680743050
1744,Norton Life Lock Inc.,879358,USA,not_found,NTWK,IT-Dienstleistungen,US64115A4022
1745,Norwood Financial Corp,923659,USA,,NWFL,Finanzdienstleistungen,US6695491075
1746,Nova Lifestyle,A2PXHX,USA,15N1,NVFY,Bau/Infrastruktur,US66979P2011
1747,Nova Measuring Instruments Ltd.,937092,USA,NMR,NVMI,Halbleiter,IL0010845571
1748,Novanta Inc.,A2AJW7,USA,1GSN,NOVT,Elektrotechnologie,CA67000B1040
1749,Novavax Inc.,A2PKMZ,USA,NVV1,NVAX,Biotechnologie,US6700024010
1750,Novo Integrated Sciences,A2QQM2,USA,not_found,NTWK,IT-Dienstleistungen,US64115A4022
1751,Novocure Ltd.,A140ML,USA,038,NVCR,Biotechnologie,JE00BYSS4X48
1752,Novogen Ltd. (ADRs),A2JSLD,USA,not_found,NTWK,IT-Dienstleistungen,US64115A4022
1753,Nuance Communications Inc.,A0HGWX,USA,SC2,NUAN,Software,US67020Y1001
1754,Nucana PLC (ADRs),A2JD7E,USA,N04A,NCNA,Biotechnologie,US67022C1062
1755,Nurix Therapeutics,-,USA,not_found,not_found,not_found,not_found
1756,Nutanix Inc.,A2ACQE,USA,0NU,NTNX,Software,US67059N1081
1757,Nuvasive Inc.,A0CAYR,USA,NK8,NUVA,Gesundheitswesen,US6707041058
1758,NuZee Inc.,A2QCP4,USA,5UQ,NUZE,Getränke/Tabak,US67073S2086
1759,NV5 Global,A1W6GS,USA,not_found,NVEE,Bau/Infrastruktur,US62945V1098
1760,NVE Corp.,766101,USA,NVK,NVEC,Nanotechnologie,US6294452064
1761,NVIDIA Corp.,918422,USA,NVD,NVDA,Hardware,US67066G1040
1762,NXP Semiconductors NV,A1C5WJ,USA,VNX,NXPI,Halbleiter,NL0009538784
1763,Nxt-ID Inc.,A2ARRR,USA,not_found,NTWK,IT-Dienstleistungen,US64115A4022
1764,Nymox Pharmaceutical Corp.,A144CA,USA,NYM,NYMX,Biotechnologie,BSP733981026
1765,Nyxoah S.A.,A2QCWK,USA,not_found,not_found,not_found,not_found
1766,O'Reilly Automotive,A1H5JY,USA,OM6,ORLY,Fahrzeuge,US67103H1077
1767,Oak Valley Bancorp (CA),A0RE4T,USA,not_found,NTWK,IT-Dienstleistungen,US64115A4022
1768,Oaktree Specialty Lending Corp.,A2H5Z8,USA,not_found,not_found,not_found,not_found
1769,Oasis Midstream Partners LP,-,USA,not_found,not_found,not_found,not_found
1770,Oblong Inc.,A2P1LB,USA,4HZ,OBLG,IT-Dienstleistungen,US6744341057
1771,ObsEva S.A.,A2DNTB,USA,22D,OBSV,Biotechnologie,CH0346177709
1772,Ocean Bio-Chem Inc.,884372,USA,OBC,OBCI,Chemie,US6746311066
1773,OceanFirst Financial Corp,919419,USA,,OCFC,Finanzdienstleistungen,US6752341080
1774,OceanFirst Financial Corp,-,USA,not_found,not_found,not_found,not_found
1775,Oconee Federal Financial Corp,A1H6TS,USA,not_found,NTWK,IT-Dienstleistungen,US64115A4022
1776,Ocugen Inc.,A2PSZH,USA,2H51,OCGN,Biotechnologie,US67577C1053
1777,Ocular Therapeuticx Inc.,A1180P,USA,0OT,OCUL,Biotechnologie,US67576A1007
1778,Odyssey Marine Exploration,A2AEZV,USA,OYM1,OMEX,Logistik/Transport,US6761182012
1779,Office Properties Income Trust,A2PBHT,USA,GOKA,OPI,Immobilien,US67623C1099
1780,OFS Capital Corp,A1KA52,USA,9UD,OFS,Finanzdienstleistungen,US67103B1008
1781,OFS Credit Company,A2N7LT,USA,1XK,OCCI,Finanzdienstleistungen,US67111Q1076
1782,Ohio Valley Banc Corp,923684,USA,,OVBC,Finanzdienstleistungen,US6777191064
1783,Okta Inc.,A2DNKR,USA,0OK,OKTA,Software,US6792951054
1784,OLB Group (The),-,USA,not_found,not_found,not_found,not_found
1785,Old Dominion Freight Line Inc.,923655,USA,ODF,ODFL,Logistik/Transport,US6795801009
1786,Old National Bancorp,883852,USA,ON1,ONB,Finanzdienstleistungen,US6800331075
1787,Old Point Financial Corp,634836,USA,,OPOF,Finanzdienstleistungen,US6801941070
1788,Old Second Bancorp,923656,USA,OSB,OSBC,Finanzdienstleistungen,US6802771005
1789,Olema Pharmaceuticals,A2QGWT,USA,not_found,OLMA,Biotechnologie,US68062P1066
1790,Ollie s Bargain Outlet Holdings Inc.,A14WW1,USA,OL6,OLLI,Handel/E-Commerce,US6811161099
1791,Olympic Steel Inc.,901092,USA,OYS,ZEUS,Eisen/Stahl,US68162K1060
1792,Omega Alpha SPAC,A2QLPX,USA,not_found,NTWK,IT-Dienstleistungen,US64115A4022
1793,Omega Flex,A0F7CE,USA,not_found,NTWK,IT-Dienstleistungen,US64115A4022
1794,Omeros Corp.,A0NBFF,USA,3O8,OMER,Biotechnologie,US6821431029
1795,Omnicell Inc.,632313,USA,OC9,OMCL,Gesundheitswesen,US68213N1090
1796,ON Semiconductor Corp.,930124,USA,XS4,ON,Halbleiter,US6821891057
1797,Oncocyte Corp.,A2ACBH,USA,7OC,OCX,Biotechnologie,US68235C1071
1798,Oncolytics Biotech Inc.,A2JMW5,USA,ONYN,ONC.TO,Biotechnologie,CA6823108759
1799,Oncorus,-,USA,not_found,not_found,not_found,not_found
1800,Oncosec Medical Inc.,A2PKW3,USA,ONM2,ONCS,Biotechnologie,US68234L3069
1801,Oncternal Therapeutics Inc.,A2PL3P,USA,GTU2,ONCT,Biotechnologie,US68236P1075
1802,Ondas Holdings Inc.,A2QLNR,USA,1B8,ONDS,Netzwerktechnik,US68236H2040
1803,One Equity Partners Open Water I Corp,A2QPKZ,USA,not_found,NTWK,IT-Dienstleistungen,US64115A4022
1804,One Group Hospitality Inc.,A12EJ6,USA,XZ9,STKS,Nahrungsmittel/Agrar,US88338K1034
1805,One Stop Systems,A2JDGD,USA,5MU,OSS,Hardware,US68247W1099
1806,OneSpan Inc.,A2JNEB,USA,VDY,OSPN,IT-Dienstleistungen,US68287N1000
1807,OneSpaWorld Holdings Limited,A2PGAS,USA,ORW,OSW,Freizeitprodukte,BSP736841136
1808,OneWater Marine,-,USA,not_found,not_found,not_found,not_found
1809,Ontrak,A3CRVB,USA,HY1,OTRKP,Gesundheitswesen,US6833732034
1810,Ontrak Inc.,A2P8JC,USA,HY1N,OTRK,Gesundheitswesen,US6833731044
1811,OP Bancorp,A2AMZV,USA,OP3,OPBK,Finanzdienstleistungen,US67109R1095
1812,Open Lending Corp,-,USA,not_found,not_found,not_found,not_found
1813,Open Text Corp.,899027,USA,OTX,OTEX,Software,CA6837151068
1814,Opendoor Technologies Inc.,A2QHR0,USA,25M,OPEN,Software,US6837121036
1815,Opera Ltd. (ADRs),A2JRLX,USA,2V8,US68373M1071.SG,Software,US68373M1071
1816,OpGen Inc.,A2PQ6B,USA,6502,OPGN,Biotechnologie,US68373L3078
1817,Opiant Pharmaceuticals Inc.,A2AFQ6,USA,8OP,OPNT,Pharma,US6837501039
1818,Opko Health Inc.,A0MUUJ,USA,XCY,OPK,Pharma,US68375N1037
1819,Oportun Financial Corp,A2PSPF,USA,4L0,OPRT,Finanzdienstleistungen,US68376D1046
1820,Optibase Ltd,A14TH1,USA,OP4,OBAS,Sonstige Technologie,IL0011355166
1821,Optical Cable Corp,722712,USA,OCC,OCC,Telekom,US6838272085
1822,OptimizeRx Corp,-,USA,not_found,not_found,not_found,not_found
1823,OptimumBank Holdings,-,USA,not_found,not_found,not_found,not_found
1824,OptiNose,A2H5PR,USA,0OP,OPTN,Pharma,US68404V1008
1825,Option Care Health Inc.,A2PZEY,USA,MM6A,OPCH,Gesundheitswesen,US68404L2016
1826,Oramed Pharmaceuticals Inc.,A1CTNU,USA,OJU1,ORMP,Pharma,US68403P2039
1827,Orasure Technologies Inc.,881351,USA,EP3,OSUR,Gesundheitswesen,US68554V1089
1828,Orbital Energy Group Inc.,A2P4J7,USA,CIJ,OEG,Elektrotechnologie,US68559A1097
1829,Orchard Therapeutics PLC (ADRs),A2N8KD,USA,OT1A,ORTX,Biotechnologie,US68570P1012
1830,Organigram Holdings Inc.,A12AQF,USA,0OG,OGI.TO,Pharma,CA68620P1018
1831,Organogenesis Holdings Inc.,A2PA31,USA,0OG,OGI.TO,Pharma,CA68620P1018
1832,Organovo Holdings Inc.,A2QA6Q,USA,4OR1,ONVO,Biotechnologie,US68620A2033
1833,Orgenesis Inc.,A2H7XQ,USA,45O,ORGS,Pharma,US68619K2042
1834,ORIC Pharmaceuticals Inc.,A2P208,USA,4TZ,ORIC,Pharma,US68622P1093
1835,Oriental Culture Holding Ltd,A2QK79,USA,not_found,ORIC,Pharma,US68622P1093
1836,Origin Agritech Ltd.,A2NB42,USA,39O1,SEED,Biotechnologie,VGG678282051
1837,Origin Bancorp,A2JLY6,USA,36Z,OBNK,Finanzdienstleistungen,US68621T1025
1838,Orion Energy Systems Inc.,A0M6K7,USA,5A4,OESX,Sonstige Technologie,US6862751087
1839,Orrstown Financial Services,A0X8NN,USA,OFR,ORRF,Finanzdienstleistungen,US6873801053
1840,Orthofix Medical,A2NB0X,USA,OM2,OFIX,Gesundheitswesen,US68752M1080
1841,OrthoPediatrics Corp,A2JAAV,USA,2X7,KIDS,Gesundheitswesen,US68752L1008
1842,OSI Systems Inc.,909273,USA,OS2,OSIS,Elektrotechnologie,US6710441055
1843,Osmotica Pharmaceuticals PLC,A2N6WE,USA,O1P,RVLP,Pharma,IE00BF2HDL56
1844,Otonomy Inc.,A119VZ,USA,7OT,OTIC,Biotechnologie,US68906L1052
1845,OTR Acquisition Corp,A2QHRV,USA,not_found,OTIC,Biotechnologie,US68906L1052
1846,Otter Tail Corp.,919111,USA,OT4,OTTR,Industrie/Mischkonzerne,US6896481032
1847,Outlook Therapeutics Inc.,A2PF3C,USA,41ON,OTLK,Biotechnologie,US69012T2069
1848,Outset Medical,-,USA,not_found,not_found,not_found,not_found
1849,Overstock.com Inc.,645086,USA,OVER,OSTK,Internet,US6903701018
1850,Ovid Therapeutics Inc.,A2DQ8S,USA,1OT,OVID,Biotechnologie,US6904691010
1851,Oxbridge Re Holdings Limited,A1137U,USA,not_found,OXBR,Finanzdienstleistungen,KYG6856M1069
1852,Oxford Lane Capital Corp.,A0RDSH,USA,4RQ,OXLC,Finanzdienstleistungen,US6915431026
1853,Oxford Square Capital Corp.,A2JG23,USA,22T,OXSQ,Finanzdienstleistungen,US69181V1070
1854,Oyster Enterprises Acquisition Corp,A2QPKC,USA,not_found,OXSQ,Finanzdienstleistungen,US69181V1070
1855,Oyster Point Pharma,-,USA,not_found,not_found,not_found,not_found
1856,P & F Industries,871892,USA,,PFIN,Bau/Infrastruktur,US6928305084
1857,P.A.M. Transportation Services,923680,USA,not_found,PTSI,Logistik/Transport,US6931491061
1858,Paccar Inc.,861114,USA,PAE,PCAR,Fahrzeuge,US6937181088
1859,Pacific Biosciences of California Inc.,A1C3EQ,USA,P09,PACB,Biotechnologie,US69404D1081
1860,Pacific Premier Bancorp,693004,USA,LF2,PPBI,Finanzdienstleistungen,US69478X1054
1861,Pacira Pharmaceuticals Inc.,A1H68T,USA,82P,PCRX,Pharma,US6951271005
1862,Pactiv Evergreen,A2QCUG,USA,PEG,PTVE,Kunststoffe/Verpackungen,US69526K1051
1863,PacWest Bancorp,A0Q16R,USA,not_found,not_found,not_found,not_found
1864,PAE,-,USA,not_found,not_found,not_found,not_found
1865,PainReform Ltd,-,USA,not_found,not_found,not_found,not_found
1866,Palomar Holdings,A2PHB6,USA,PH8,PLMR,Finanzdienstleistungen,US69753M1053
1867,Pan American Silver Corp.,876617,USA,PA2,PAAS.TO,Rohstoffe,CA6979001089
1868,Panbela Therapeutics Inc.,A2QKE1,USA,8AO,PBLA,Biotechnologie,US69833Q1004
1869,Pangaea Logistics Solutions Ltd.,A12C5M,USA,PGA,PANL,Logistik/Transport,BMG6891L1054
1870,Papa John's International,896795,USA,PP1,PZZA,Nahrungsmittel/Agrar,US6988131024
1871,"Paratek Pharmaceuticals Inc,",A12EGE,USA,N4CN,PRTK,Biotechnologie,US6993743029
1872,Park City Group,A0KEQ1,USA,PJ4A,PCYG,Software,US7002153044
1873,Park-Ohio Holdings Corp,861403,USA,,PKOH,Logistik/Transport,US7006661000
1874,Parke Bancorp,A0ERP7,USA,PAV,PKBK,Finanzdienstleistungen,US7008851062
1875,Partner Communications Co. Ltd. (Spons. ADRs),928956,USA,PUG,PTNR,Telekom,US70211M1099
1876,Partners Bancorp,-,USA,not_found,not_found,not_found,not_found
1877,Passage Bio,-,USA,not_found,not_found,not_found,not_found
1878,Pathfinder Bancorp,A12DWM,USA,,PBHC,Finanzdienstleistungen,US70319R1095
1879,Patria Investments Limited,A2QMNY,USA,not_found,PBHC,Finanzdienstleistungen,US70319R1095
1880,Patrick Industries Inc.,873181,USA,PK2,PATK,Bau/Infrastruktur,US7033431039
1881,Patriot National Bancorp,A14PYR,USA,PN21,PNBK,Finanzdienstleistungen,US70336F2039
1882,Patriot Transportation Holding,-,USA,not_found,not_found,not_found,not_found
1883,Patterson Companies Inc.,A0B6VB,USA,PD2,PDCO,Gesundheitswesen,US7033951036
1884,Patterson-UTI Energy Inc.,905153,USA,PE1,PTEN,Öl/Gas,US7034811015
1885,PAVmed Inc.,A2AQDJ,USA,1P5,PAVM,Gesundheitswesen,US70387R1068
1886,Paya Holdings,A2QFV1,USA,not_found,PAVM,Gesundheitswesen,US70387R1068
1887,Paychex Inc.,868284,USA,PCX,PAYX,Finanzdienstleistungen,US7043261079
1888,Paylocity Holding Corp.,A1XE9W,USA,0P7,PCTY,Software,US70438V1061
1889,PayPal Holdings Inc.,A14R7U,USA,2PP,PYPL,Finanzdienstleistungen,US70450Y1038
1890,Paysign,-,USA,not_found,not_found,not_found,not_found
1891,PC Connection Inc.,912670,USA,PCC,CNXN,Handel/E-Commerce,US69318J1007
1892,PC-Tel Inc.,928717,USA,,PCTI,Netzwerktechnik,US69325Q1058
1893,PCB Bancorp,A2PNGM,USA,9UH,PCB,Finanzdienstleistungen,US69320M1099
1894,PCSB Financial Corp,A2DQ1J,USA,not_found,PCB,Finanzdienstleistungen,US69320M1099
1895,PDC Energy Inc.,A1JZ02,USA,PD3,PDCE,Öl/Gas,US69327R1014
1896,PDF Solutions Inc.,541307,USA,PD9,PDFS,Halbleiter,US6932821050
1897,PDS Biotechnology Corp.,A2PF3F,USA,EU6,PDSB,Biotechnologie,US70465T1079
1898,Peapack-Gladstone Financial Corp,570789,USA,45V,PGC,Finanzdienstleistungen,US7046991078
1899,Pegasystems Inc.,901951,USA,PEA,PEGA,Software,US7055731035
1900,Peloton Interactive Inc.,A2PR0M,USA,2ON,PTON,Freizeitprodukte,US70614W1009
1901,Penn National Gaming Inc.,905441,USA,PN1,PENN,Unterhaltung,US7075691094
1902,PennantPark Floating Rate Capital Ltd,A1JQAB,USA,22P,PFLT,Finanzdienstleistungen,US70806A1060
1903,Penns Woods Bancorp,351159,USA,not_found,PFLT,Finanzdienstleistungen,US70806A1060
1904,People's United Financial,A0MP68,USA,PP21,PBCT,Finanzdienstleistungen,US7127041058
1905,People's United Financial,-,USA,not_found,not_found,not_found,not_found
1906,Peoples Bancorp,923499,USA,not_found,PEBO,Finanzdienstleistungen,US7097891011
1907,Peoples Bancorp of North Carolina,923674,USA,,PEBK,Finanzdienstleistungen,US7105771072
1908,Peoples Financial Services Corp,A116DE,USA,not_found,PEBK,Finanzdienstleistungen,US7105771072
1909,"PepsiCo, Inc.",851995,USA,PEP,PEP,Getränke/Tabak,US7134481081
1910,Perdoceo Education Corp. ,912062,USA,not_found,,Getränke/Tabak,US7134481081
1911,Perficient Inc.,924876,USA,PFS,PRFT,IT-Dienstleistungen,US71375U1016
1912,Performant Financial Corp,A1J2Q4,USA,not_found,PFMT,Finanzdienstleistungen,US71377E1055
1913,Perion Network Ltd.,A0JC7P,USA,IW2,PERI,Software,IL0010958192
1914,Perma-Fix Environmental Services Inc.,A1W5VC,USA,PFX1,PESI,Dienstleistungen,US7141572039
1915,Perma-Pipe International Holdings Inc.,A2DNTL,USA,MF3,PPIH,Öl/Gas,US7141671039
1916,Perpetua Resources Corp.,A2QPVU,USA,9MIB,PPTA.TO,Rohstoffe,CA7142661031
1917,Personalis Inc.,A2PLTK,USA,04X,PSNL,Biotechnologie,US71535D1063
1918,Petco Health and Wellness Company,A2QL60,USA,not_found,WOOF,Handel/E-Commerce,US71601V1052
1919,PetIQ Inc. (Class A),A2DU79,USA,39L,PETQ,Pharma,US71639T1060
1920,"PetMed Express,Inc.",121843,USA,PQM,PETS,Gesundheitswesen,US7163821066
1921,Petros Pharmaceuticals,A2QKEL,USA,not_found,PTPI,Pharma,US71678J1007
1922,PFSweb,A0Q3SS,USA,PFW1,PFSW,IT-Dienstleistungen,US7170982067
1923,Pharvaris NV,A2QNWS,USA,9EN,PHVS,Biotechnologie,NL00150005Y4
1924,Phasebio Pharmaceuticals Inc.,A2N7LU,USA,2K4,PHAS,Biotechnologie,US7172241090
1925,Phathom Pharmaceuticals,-,USA,not_found,not_found,not_found,not_found
1926,PhenixFIN Corp,A2QLZF,USA,not_found,PHAS,Biotechnologie,US7172241090
1927,Phibro Animal Health Corp.,A1WZ6P,USA,PB8,PAHC,Pharma,US71742Q1067
1928,Photronics Inc.,879430,USA,PQ2,PLAB,Sonstige Technologie,US7194051022
1929,Phunware Inc.,A2PBXB,USA,2RJ,PHUN,Software,US71948P1003
1930,Pieris Pharmaceuticals Inc.,A12G4Q,USA,PI6,PIRS,Biotechnologie,US7207951036
1931,Pilgrim's Pride Corp,A0YJBW,USA,6PP,PPC,Nahrungsmittel/Agrar,US72147K1088
1932,Pinduoduo Inc.,A2JRK6,USA,9PDA,9PDA.F,Internet,US7223041028
1933,Pingtan Marine Enterprise Ltd.,A1JAKW,USA,2P5,PME,Dienstleistungen,KYG7114V1023
1934,Pinnacle Financial Partners,-,USA,not_found,not_found,not_found,not_found
1935,Pinnacle Financial Partners,634714,USA,PFZ,PNFP,Finanzdienstleistungen,US72346Q1040
1936,Pintec Technology Holdings Limited,-,USA,not_found,not_found,not_found,not_found
1937,Pioneer Bancorp,-,USA,not_found,not_found,not_found,not_found
1938,Pioneer Merger Corp,A2QPL0,USA,not_found,PACX,Finanzdienstleistungen,KYG7S24C1034
1939,Pioneer Power Solutions,-,USA,not_found,not_found,not_found,not_found
1940,Pixelworks Inc.,A0Q3ZH,USA,PXLX,PXLW,Halbleiter,US72581M3051
1941,Plains All American Pipeline LP,917437,USA,,PAA,Öl/Gas,US7265031051
1942,Plains GP Holdings L.P.,A2DF4N,USA,PG81,PAGP,Öl/Gas,US72651A2078
1943,Playa Hotels & Resorts N.V.,A2DMX3,USA,not_found,not_found,not_found,not_found
1944,Playtika Holding Corp.,A2QMJZ,USA,8II,PLTK,Unterhaltung,US72815L1070
1945,PLBY Group,-,USA,not_found,not_found,not_found,not_found
1946,Plexus Corp.,911990,USA,PX4,PLXS,Elektrotechnologie,US7291321005
1947,Pliant Therapeutics Inc.,A2P4YV,USA,9PT,PLRX,Biotechnologie,US7291391057
1948,Plug Power Inc.,A1JA81,USA,PLUN,PLUG,Erneuerbare Energien,US72919P2020
1949,Plumas Bancorp,A0EQ4V,USA,OKO,PLBC,Finanzdienstleistungen,US7292731020
1950,Pluristem Therapeutics Inc.,A2PPB4,USA,not_found,not_found,not_found,not_found
1951,Plus Therapeutics Inc.,A2PPX6,USA,XMPA,PSTV,Gesundheitswesen,US72941H4002
1952,PLx Pharma Inc.,A2DMUN,USA,1D5A,PLXP,Biotechnologie,US72942A1079
1953,PMV Pharmaceuticals,-,USA,not_found,not_found,not_found,not_found
1954,Points International Ltd.,A1H6MP,USA,not_found,PLXP,Biotechnologie,US72942A1079
1955,Polar Power Inc.,A2DNSM,USA,PPW,POLA,Elektrotechnologie,US73102V1052
1956,PolarityTE Inc.,A2DKCN,USA,NJTC,PTE,Gesundheitswesen,US7310941080
1957,PolyPid Ltd,-,USA,not_found,not_found,not_found,not_found
1958,Ponce Financial Group,A2H5K9,USA,not_found,PTE,Gesundheitswesen,US7310941080
1959,Pool Corp.,A0JMVJ,USA,SP1,POOL,Freizeitprodukte,US73278L1052
1960,Popular,-,USA,not_found,not_found,not_found,not_found
1961,Popular Inc.,A1JY4C,USA,PP4A,BPOP,Finanzdienstleistungen,PR7331747001
1962,Population Health Investment Co,A2QHQ4,USA,not_found,BPOP,Finanzdienstleistungen,PR7331747001
1963,Porch Group,A2QK2W,USA,32RD,PRCH,Software,US7332451043
1964,Poseida Therapeutics Inc.,A2PEYK,USA,2RZ,PSTX,Biotechnologie,US73730P1084
1965,Poshmark,A2QKC1,USA,not_found,POSH,Handel/E-Commerce,US73739W1045
1966,Potbelly Corp,A1W5PD,USA,PTB,PBPB,Nahrungsmittel/Agrar,US73754Y1001
1967,PotlatchDeltic Corp.,A0JDAK,USA,P4C,PCH,Holz/Papier,US7376301039
1968,Powell Industries,865628,USA,PW2,POWL,Elektrotechnologie,US7391281067
1969,Power Integrations Inc.,911299,USA,PWI,POWI,Elektrotechnologie,US7392761034
1970,Powerbridge Technologies Co Ltd,-,USA,not_found,not_found,not_found,not_found
1971,Powerfleet Inc.,A2PS8H,USA,3LO,PWFL,Sonstige Technologie,US73931J1097
1972,PPD,-,USA,not_found,not_found,not_found,not_found
1973,PRA Group,A12ELV,USA,POV1,PRAA,Dienstleistungen,US69354N1063
1974,Praxis Precision Medicines,-,USA,not_found,not_found,not_found,not_found
1975,Precigen Inc.,A2PZG1,USA,I5X,PGEN,Biotechnologie,US74017N1054
1976,Precipio Inc.,A2PH8V,USA,TGKQ,PRPO,Biotechnologie,US74019L5030
1977,Precision Biosciences Inc,A2PGA1,USA,PBS,DTIL,Biotechnologie,US74019P1084
1978,Predictive Oncology,A2PUKH,USA,S1K2,POAI,Gesundheitswesen,US74039M2008
1979,Preferred Bank,A1JB5S,USA,1IU,PFBC,Finanzdienstleistungen,US7403674044
1980,Preformed Line Products Company,A0B8P4,USA,P4L,PLPC,Elektrotechnologie,US7404441047
1981,Prelude Therapeutics,-,USA,not_found,not_found,not_found,not_found
1982,Premier,A1W5PE,USA,PM8,PINC,Gesundheitswesen,US74051N1028
1983,Premier Financial Corp,-,USA,not_found,not_found,not_found,not_found
1984,Pricesmart Inc.,915929,USA,PS8,PSMT,Handel/E-Commerce,US7415111092
1985,PrimeEnergy Resources Corp,865056,USA,PEJ,PNRG,Öl/Gas,US74158E1047
1986,Primoris Services Corp.,A0Q78W,USA,1PM,PRIM,Bau/Infrastruktur,US74164F1030
1987,Principal Financial Group Inc.,694660,USA,PG4,PFG,Finanzdienstleistungen,US74251V1026
1988,Priority Technology Holdings Inc.,A2JRQV,USA,60W,PRTH,Finanzdienstleistungen,US74275G1076
1989,Pro-Dex,A1C0JP,USA,PDXN,PDEX,Elektrotechnologie,US74265M2052
1990,Procaps Group SA,A3C4K9,USA,9X1,PROC,Pharma,LU2376511205
1991,Professional Diver. Network Inc.,A2ASKB,USA,5MQ,IPDN,Dienstleistungen,US74312Y2028
1992,Professional Holding Corp,A2PXZB,USA,not_found,PFHD,Finanzdienstleistungen,US7431391074
1993,Profire Energy,A1103Q,USA,PFR,PFIE,Öl/Gas,US74316X1019
1994,Profound Medical Corp,-,USA,not_found,not_found,not_found,not_found
1995,Progenity Inc.,A2P7FX,USA,4ZU,PROG,Biotechnologie,US74319F1075
1996,Progress Acquisition Corp,A2QPN1,USA,not_found,not_found,not_found,not_found
1997,Progress Software Corp.,884284,USA,PGR,PRGS,Software,US7433121008
1998,Progyny,-,USA,not_found,not_found,not_found,not_found
1999,Prometheus Biosciences,A2QP92,USA,not_found,RXDX,Biotechnologie,US74349U1088
2000,ProPhase Labs,A1CYM1,USA,QGY,PRPH,Gesundheitswesen,US74345W1080
2001,ProQR Therapeutics N.V.,A12B97,USA,0PQ,PRQR,Biotechnologie,NL0010872495
2002,Prospect Capital Corp.,A0B746,USA,RK8,PSEC,Finanzdienstleistungen,US74348T1025
2003,Protara Therapeutics Inc.,A2P4JE,USA,1KPA,TARA,Biotechnologie,US74365U1079
2004,Prothena Corp. PLC,A1KAVV,USA,0PT,PRTA,Pharma,IE00B91XRN20
2005,Provention Bio Inc.,A2JRLW,USA,2VB,PRVB,Biotechnologie,US74374N1028
2006,Psychemedics Corp,889473,USA,,PMD,Gesundheitswesen,US7443752057
2007,PTC Inc.,A1H9GN,USA,PMTA,PTC,Software,US69370C1009
2008,PTC Therapeutics Inc.,A1W0MW,USA,P91,PTCT,Biotechnologie,US69366J2006
2009,PubMatic,A2QJL6,USA,not_found,PUBM,Software,US74467Q1031
2010,Puhui Wealth Investment Management Co Ltd,-,USA,not_found,not_found,not_found,not_found
2011,Pulmatrix Inc.,A2PD3T,USA,2PU1,PULM,Biotechnologie,US74584P2020
2012,Pulmonx Corp.,A2P1AF,USA,4NI,LUNG,Gesundheitswesen,US7458481014
2013,Pulse Biosciences Inc.,A2AMY9,USA,6L8,PLSE,Gesundheitswesen,US74587B1017
2014,Puma Biotechnology Inc.,A1J643,USA,0PB,PBYI,Biotechnologie,US74587V1070
2015,Pure Cycle Corp,A0BM01,USA,,PCYO,Versorger,US7462283034
2016,PyroGenesis Canada Inc.,A12DDL,USA,8PY,PYR.TO,Dienstleistungen,CA74734T1049
2017,Pyxis Tankers,A14268,USA,not_found,not_found,not_found,not_found
2018,Q&K International Group Limited,-,USA,not_found,not_found,not_found,not_found
2019,QCR Holdings Inc.,908962,USA,3PE,QCRH,Finanzdienstleistungen,US74727A1043
2020,Qorvo Inc.,A12CY9,USA,2QO,QRVO,Halbleiter,US74736K1016
2021,QUALCOMM Inc.,883121,USA,QCI,QCOM,IT-Dienstleistungen,US7475251036
2022,Qualigen Therapeutics Inc.,A2P5C5,USA,not_found,not_found,not_found,not_found
2023,Qualys Inc.,A1J423,USA,3L7A,QLYS,IT-Dienstleistungen,US74758T3032
2024,Quanterix Corp,A2H9FB,USA,not_found,QTRX,Biotechnologie,US74766Q1013
2025,Quantum Corp.,A2DPEL,USA,QNT2,QMCO,Hardware,US7479065010
2026,Quarte Retail Group Inc.,A2JHXV,USA,LB3A,QRTEA,Handel/E-Commerce,US74915M1009
2027,Quest Resource Holding Corp,A2APZJ,USA,5ZK,QRHC,Dienstleistungen,US74836W2035
2028,Quhuo Limited,A2QKU1,USA,9J4,9J4.F,IT-Dienstleistungen,US74841Q1004
2029,QuickLogic Corp.,A2PXKK,USA,QKL1,QUIK,Halbleiter,US74837P4054
2030,Quidel Corp.,867261,USA,QL1,QDEL,Gesundheitswesen,US74838J1016
2031,QuinStreet Inc.,A0RDUR,USA,5Q8,QNST,Dienstleistungen,US74874Q1004
2032,Qumu Corp.,A1W5N5,USA,RMG,QUMU,Sonstige Technologie,US7490631030
2033,Quotient Ltd,A11598,USA,U4W,QTNT,Gesundheitswesen,JE00BLG2ZQ72
2034,Qutoutiao,-,USA,not_found,not_found,not_found,not_found
2035,R1 RCM Inc.,A2DK8W,USA,6HL,RCM,Gesundheitswesen,US7493971052
2036,Rackspace Technology,-,USA,not_found,not_found,not_found,not_found
2037,RADA Electronic Industries Ltd.,658450,USA,RDF1,RADA,Elektrotechnologie,IL0010826506
2038,RADCOM Ltd.,909554,USA,RAM,RDCM,Netzwerktechnik,IL0010826688
2039,Radius Global Infrastructure,-,USA,not_found,not_found,not_found,not_found
2040,Radius Health Inc.,A114VH,USA,1R8,RDUS,Biotechnologie,US7504692077
2041,RadNet Inc.,A0LFMZ,USA,PQIA,RDNT,Gesundheitswesen,US7504911022
2042,Radware Ltd.,928179,USA,RWA,RDWR,Netzwerktechnik,IL0010834765
2043,Ramaco Resources Inc.,A2DLKQ,USA,5R0,METC,Rohstoffe,US75134P3038
2044,Rambus Inc.,906870,USA,RMB,RMBS,Hardware,US7509171069
2045,Rapid7 Inc.,A14WK1,USA,R7D,RPD,Software,US7534221046
2046,Rapt Therapeutics Inc.,A2PNYQ,USA,0RA,RAPT,Biotechnologie,US75382E1091
2047,Rattler Midstream LP,A2PKSF,USA,not_found,not_found,not_found,not_found
2048,RBB Bancorp,A2DVAJ,USA,5SZ,RBB,Finanzdienstleistungen,US74930B1052
2049,RBC Bearings,A0ETU2,USA,B1X,ROLL,Maschinenbau,US75524B1044
2050,RCI Hospitality Holdings Inc.,A119ZB,USA,RIK,RICK,Unterhaltung,US74934Q1085
2051,RCM Technologies Inc.,870513,USA,RC2,RCMT,Sonstige Technologie,US7493604000
2052,Reading International,938278,USA,not_found,not_found,not_found,not_found
2053,RealNetworks Inc.,A1JDKL,USA,RNWA,RNWK,Internet,US75605L7082
2054,Reata Pharmaceuticals Inc,A2ALQV,USA,2R3,RETA,Biotechnologie,US75615P1030
2055,Recon Technology Ltd.,A2PXK2,USA,HRC1,RCON,Öl/Gas,KYG7415M1244
2056,Recro Pharma Inc.,A1XFAV,USA,RAH,REPH,Biotechnologie,US75629F1093
2057,Red Cat Holdings Inc.,A2PPXB,USA,BQ73,RCAT,Software,US75644T1007
2058,Red River Bancshares,A2PJ0B,USA,7RR,RRBI,Finanzdienstleistungen,US75686R2022
2059,Red Robin Gourmet Burgers Inc.,663749,USA,RRN,RRGB,Nahrungsmittel/Agrar,US75689M1018
2060,Red Rock Resorts Inc.,A2AHN4,USA,RRK,RRR,Unterhaltung,US75700L1089
2061,Red Violet,A2JGBV,USA,2KH,RDVT,Software,US75704L1044
2062,Redfin Corp.,A2DU22,USA,R6G,RDFN,Immobilien,US75737F1084
2063,Redhill Biopharma Ltd. (ADRs),A1KBQX,USA,2RH,RDHL,Biotechnologie,US7574681034
2064,Reeds,A0MN43,USA,39R,REED,Getränke/Tabak,US7583381071
2065,Regency Centers Corp.,888499,USA,RRC,REG,Immobilien,US7588491032
2066,Regeneron Pharmaceuticals Inc.,881535,USA,RGO,REGN,Biotechnologie,US75886F1075
2067,Regenxbio Inc.,A140E0,USA,RB0,RGNX,Biotechnologie,US75901B1070
2068,Regulus Therapeutics Inc.,A2JB9V,USA,7RG1,RGLS,Biotechnologie,US75915K2006
2069,Rekor Systems Inc.,A2PJLA,USA,38E,REKR,Dienstleistungen,US7594191048
2070,Relay Therapeutics,-,USA,not_found,not_found,not_found,not_found
2071,Relmada Therapeutics Inc.,A2PSZF,USA,4E2,RLMD,Biotechnologie,US75955J4022
2072,"Remark Holdings Inc,.",A2DQDV,USA,3SWN,MARK,Dienstleistungen,US75955K1025
2073,Renalytix AI ADS,A2P9A5,USA,2O9A,US75973T1016.SG,Gesundheitswesen,US75973T1016
2074,Renasant Corp,A0EAMH,USA,RN6,RNST,Finanzdienstleistungen,US75970E1073
2075,Renewable Energy Group Inc.,A1JS5R,USA,RBE1,REGI,Erneuerbare Energien,US75972A3014
2076,Rent-A-Center Inc.,900457,USA,RAC,RCII,Handel/E-Commerce,US76009N1000
2077,Repligen Corp.,870980,USA,RGN,RGEN,Biotechnologie,US7599161095
2078,Replimune Group Inc.,A2JQN1,USA,7R8,REPL,Biotechnologie,US76029N1063
2079,Republic Bancorp,915683,USA,,RBCAA,Finanzdienstleistungen,US7602812049
2080,Republic First Bancorp,923641,USA,,FRBK,Finanzdienstleistungen,US7604161072
2081,Research Frontiers,890055,USA,not_found,REFR,Sonstige Technologie,US7609111072
2082,Research Solutions,A1JSMK,USA,61I,RSSS,Dienstleistungen,US7610251057
2083,Resonant Inc.,A12AJM,USA,2EK,RESN,Halbleiter,US76118L1026
2084,Retail Opportunity Investments Corp,A0YC71,USA,not_found,ROIC,Immobilien,US76131N1019
2085,ReTo Eco-Solutions,-,USA,not_found,not_found,not_found,not_found
2086,"Revance Therapeutics, Inc.",A1XD3D,USA,RTI,RVNC,Biotechnologie,US7613301099
2087,Reviva Pharmaceuticals Holdings,A2QK7Q,USA,not_found,RVNC,Biotechnologie,US7613301099
2088,Revolution Medicines Inc.,A2PYWG,USA,42Z,RVMD,Biotechnologie,US76155X1000
2089,Rewalk Robotics Ltd.,A12BMB,USA,2RW,RWLK,Gesundheitswesen,IL0011331076
2090,Rexahn Pharmaceuticals Inc.,A2QG4Z,USA,R3X1,OCUP,Pharma,US67577R1023
2091,Reynolds Consumer Products Inc.,A2PYUS,USA,3ZT,REYN,Konsumgüter,US76171L1061
2092,Rezolute,A2QEWP,USA,6HV1,RZLT,Biotechnologie,US76200L3096
2093,RF Industries Ltd.,924447,USA,RF5,RFIL,Elektrotechnologie,US7495521053
2094,RGC Resources,923467,USA,,RGCO,Öl/Gas,US74955L1035
2095,Rhinebeck Bancorp,-,USA,not_found,not_found,not_found,not_found
2096,Rhythm Pharmaceuticals Inc.,A2H5A0,USA,1RV,RYTM,Biotechnologie,US76243J1051
2097,Ribbon Communications,A2H8WM,USA,NU42,RBBN,IT-Dienstleistungen,US7625441040
2098,RiceBran Technologies,A1W8W2,USA,NTQ3,RIBT,Nahrungsmittel/Agrar,US7628312040
2099,Richardson Electronics Ltd,880664,USA,RE3,RELL,Elektrotechnologie,US7631651079
2100,Richmond Mutual Bancorporation,-,USA,not_found,not_found,not_found,not_found
2101,Rigel Pharmaceuticals Inc.,766093,USA,RI2A,RIGL,Pharma,US7665596034
2102,Rimini Street,A2GSYB,USA,0QH,RMNI,IT-Dienstleistungen,US76674Q1076
2103,Riot Blockchain Inc.,A2H51D,USA,AP4N,RIOT,Software,US7672921050
2104,Rise Education Cayman Ltd. (ADRs),A2H516,USA,,not_found,Dienstleistungen,US76761L1026
2105,Riverview Bancorp,923566,USA,not_found,RVSB,Finanzdienstleistungen,US7693971001
2106,RMR Group Inc.,A1436S,USA,26R,RMR,Immobilien,US74967R1068
2107,Robinhood Markets Inc.,A3CVQC,USA,7KY,HOOD,Software,US7707001027
2108,Rocket Pharmaceuticals Corp.,A2JA9Q,USA,9IP1,RCKT,Biotechnologie,US77313F1066
2109,Rockwell Medical Inc.,916118,USA,RWM,RMTI,Gesundheitswesen,US7743741024
2110,Rocky Mountain Chocolate Factory,A14PUF,USA,RMFA,RMCF,Nahrungsmittel/Agrar,US77467X1019
2111,Roku Inc.,A2DW4X,USA,R35,ROKU,Gesundheitswesen,US77543R1023
2112,Root,A2QFVS,USA,not_found,ROOT,Finanzdienstleistungen,US77664L1089
2113,Ross Stores Inc.,870053,USA,RSO,ROST,Handel/E-Commerce,US7782961038
2114,Royal Gold Inc.,885652,USA,RG3,RGLD,Rohstoffe,US7802871084
2115,Royalty Pharma PLC,A2P62D,USA,RPD,RPRX,Pharma,GB00BMVP7Y09
2116,RTI Surgical Inc.,A2P953,USA,RT2,SRGA,Biotechnologie,US86882C1053
2117,Rubicon Technology Inc.,A2DREW,USA,39YA,RBCN,Elektrotechnologie,US78112T2069
2118,Rubius Therapeutics Inc.,A2JQ3H,USA,5RT,RUBY,Biotechnologie,US78116T1034
2119,RumbleON Inc.,A2P426,USA,4Q01,RMBL,Internet,US7813863054
2120,Rush Enterprises,901221,USA,RUN,RUSHB,Fahrzeuge,US7818463082
2121,Rush Enterprises,724531,USA,RUNA,RUSHA,Fahrzeuge,US7818462092
2122,Ruth's Hospitality Group,A0F5JG,USA,R6R,RUTH,Nahrungsmittel/Agrar,US7833321091
2123,Ryanair Holdings PLC (ADRs),A142FC,USA,RY4D,RYAAY,Luftfahrt/Rüstung,US7835132033
2124,Sabra Health Care Reit Inc.,A1C9KE,USA,SBC,SBRA,Immobilien,US78573L1061
2125,Sabre Corp.,A111QT,USA,19S,SABR,IT-Dienstleistungen,US78573M1045
2126,Safety Insurance Group,634719,USA,SFN,SAFT,Finanzdienstleistungen,US78648T1007
2127,Saga Communications,A0RFJ6,USA,SGHB,SGA,Medien,US7865983008
2128,Sage Therapeutics Inc.,A117WF,USA,SG7,SAGE,Biotechnologie,US78667J1088
2129,Saia,A0KDU8,USA,SQR,SAIA,Logistik/Transport,US78709Y1055
2130,Salarius Pharmaceuticals Inc.,A2PN2U,USA,FP11,SLRX,Biotechnologie,US79400X1072
2131,Salem Media Group,924094,USA,,SALM,Medien,US7940931048
2132,Salisbury Bancorp,347445,USA,not_found,SABR,IT-Dienstleistungen,US78573M1045
2133,Sana Biotechnology,A2QNUE,USA,not_found,SANA,Biotechnologie,US7995661045
2134,Sanara MedTech,A2PKM6,USA,not_found,SABR,IT-Dienstleistungen,US78573M1045
2135,Sanderson Farms Inc.,891971,USA,SF9,SAFM,Nahrungsmittel/Agrar,US8000131040
2136,Sandy Spring Bancorp,919567,USA,SD2,SASR,Finanzdienstleistungen,US8003631038
2137,Sangamo Biosciences,936386,USA,GBY,SGMO,Biotechnologie,US8006771062
2138,Sanmina Corp.,A1JYVT,USA,SAYN,SANM,Halbleiter,US8010561020
2139,Sanofi S.A. (Sp. ADRs),662283,USA,SNW2,SNW2.SG,Pharma,US80105N1054
2140,Sapiens International Corp.,A2N4QA,USA,S3P,SPNS,IT-Dienstleistungen,KYG7T16G1039
2141,Sarepta Therapeutics Inc.,A1J1BH,USA,AB3A,SRPT,Biotechnologie,US8036071004
2142,Sarissa Capital Acquisition Corp,A2QF3J,USA,66W,SRSA,Finanzdienstleistungen,KYG7823W1024
2143,Satsuma Pharmaceuticals Inc.,A2PQPD,USA,1LV,STSA,Biotechnologie,US80405P1075
2144,Savara Inc.,A2DQ2B,USA,YB4P,SVRA,Pharma,US8051111016
2145,SB Financial Group,A1T9R8,USA,9KH,SBFG,Finanzdienstleistungen,US78408D1054
2146,SBA Communications Corp.,A2DKP8,USA,4SB,SBAC,Telekom,US78410G1040
2147,SC Work Corp.,A2PD00,USA,4R8,WORX,Software,US78396V1098
2148,Scansource Inc.,908169,USA,SC3,SCSC,Elektrotechnologie,US8060371072
2149,Schmitt Industries Inc. (Ore.),775105,USA,SI1A,SMIT,Elektrotechnologie,US8068702005
2150,Schnitzer Steel Industries Inc.,899146,USA,SS1A,SCHN,Eisen/Stahl,US8068821060
2151,Scholar Rock Holding Corp.,A2JMQW,USA,2QK,SRRK,Biotechnologie,US80706P1030
2152,Scholastic Corp.,880597,USA,SL1,SCHL,Medien,US8070661058
2153,Scientific Games Corp.,875605,USA,TJW,SGMS,Unterhaltung,US80874P1093
2154,ScION Tech Growth I,A2QK1U,USA,not_found,SABR,IT-Dienstleistungen,US78573M1045
2155,SciPlay Corp.,A2PH5W,USA,2XY,SCPL,Unterhaltung,US8090871091
2156,SciSparc Ltd,-,USA,not_found,not_found,not_found,not_found
2157,Scopus BioPharma,A2QK7U,USA,not_found,SCPS,Biotechnologie,US8091711015
2158,SCP & CO Healthcare Acquisition Company,A2QD81,USA,not_found,SABR,IT-Dienstleistungen,US78573M1045
2159,Scpharmaceuticals Inc.,A2H7XD,USA,2SX,SCPH,Pharma,US8106481059
2160,Scripps Co.,A0Q50J,USA,SQ6B,SSP,Medien,US8110544025
2161,Scynexis Inc.,A2P9T4,USA,135A,SCYX,Pharma,US8112922005
2162,SeaChange International Inc.,903655,USA,SI2,SEAC,Dienstleistungen,US8116991071
2163,Seacoast Banking Corp,A1W90J,USA,SBG1,SBCF,Finanzdienstleistungen,US8117078019
2164,Seagate Technology Holdings PLC,A3CQU7,USA,847,STX,Hardware,IE00BKVD2N49
2165,Seanergy Maritime Holdings Corp.,A2P72P,USA,RHSR,SHIP,Logistik/Transport,MHY737601945
2166,SeaSpine Holdings Corp.,A14UZ9,USA,RHSR,SPNE,not_found,US81255T1088
2167,Second Sight Medical Products Inc.,A2PXVV,USA,24PA,EYES,Gesundheitswesen,US81362J2096
2168,Secoo Holding Ltd. (ADRs),A2DX8U,USA,1S8,1S8.F,Internet,US81367P1012
2169,SecureWorks Corp.,A2AC5U,USA,07S,SCWX,Software,US81374A1051
2170,Security National Financial Corp,923996,USA,XSNA,SNFCA,Finanzdienstleistungen,US8147853092
2171,Seelos Therapeutics Inc.,A2PDK8,USA,NXEN,SEEL,Pharma,US81577F1093
2172,Seer,A2QG88,USA,not_found,SEER,Biotechnologie,US81578P1066
2173,SEI Investments Company,867474,USA,SI3,SEIC,Finanzdienstleistungen,US7841171033
2174,Selecta Biosciences Inc.,A2AML0,USA,1S7,SELB,Biotechnologie,US8162121045
2175,Selective Insurance Group,866421,USA,SV2,SIGI,Finanzdienstleistungen,US8163001071
2176,SELLAS Life Sciences Group Inc.,A2PU3T,USA,RXK3,SLS,Pharma,US81642T2096
2177,SemiLEDs Corp.,A2AHEB,USA,6LD1,LEDS,Halbleiter,US8166452040
2178,Semtech Corp.,860465,USA,SM2,SMTC,Halbleiter,US8168501018
2179,Seneca Foods Corp,923994,USA,not_found,SABR,IT-Dienstleistungen,US78573M1045
2180,Seneca Foods Corp,923993,USA,XSFA,SENEA,Nahrungsmittel/Agrar,US8170705011
2181,SenesTech Inc.,A2PW5C,USA,SE81,SNES,Biotechnologie,US81720R2085
2182,Senior Connect Acquisition Corp,A2QK17,USA,not_found,SABR,IT-Dienstleistungen,US78573M1045
2183,Senmiao Technology Limited,-,USA,not_found,not_found,not_found,not_found
2184,Sensei Biotherapeutics Inc.,A2QM6J,USA,407,SNSE,Biotechnologie,US81728A1088
2185,Senstar Technologies Ltd,895761,USA,not_found,SNT,Sonstige Technologie,IL0010829161
2186,Sensus Healthcare,A2JPJ1,USA,5TX,SRTS,Gesundheitswesen,US81728J1097
2187,Seres Therapeutics Inc.,A14VXX,USA,1S9,MCRB,Biotechnologie,US81750R1023
2188,Service Properties Trust,A2PSPV,USA,HPO,SVC,Immobilien,US81761L1026
2189,ServiceSource International Inc.,A1H78X,USA,6SS,SREV,Dienstleistungen,US81763U1007
2190,Sesen Bio Inc.,A2JL47,USA,PCBK,SESN,Biotechnologie,US8177631053
2191,SG Blocks Inc.,A2PZPM,USA,90S1,SGBX,Bau/Infrastruktur,US78418A5056
2192,Sharps Compliance Corp.,A0RNRA,USA,ZSC,SMED,Gesundheitswesen,US8200171010
2193,Shattuck Labs,-,USA,not_found,not_found,not_found,not_found
2194,Shenandoah Telecommunications Co.,634816,USA,SH9,SHEN,Telekom,US82312B1061
2195,Shift Technologies Inc.,-,USA,not_found,not_found,not_found,not_found
2196,Shiftpixy Inc.,A2PW59,USA,19U1,PIXY,Dienstleistungen,US82452L2034
2197,Shoals Technologies Group,A2QMUK,USA,not_found,SHLS,Erneuerbare Energien,US82489W1071
2198,"Shockwave Medical Inc,",A2PEF3,USA,36M,SWAV,Gesundheitswesen,US82489T1043
2199,Shoe Carnival Inc.,923814,USA,SJC,SCVL,Handel/E-Commerce,US8248891090
2200,Shotspotter Inc.,A2DSDS,USA,918,SSTI,Software,US82536T1079
2201,Shyft Group (The),A2P56J,USA,SP8,SHYF,Fahrzeuge,US8256981031
2202,SI-BONE,A2N7LY,USA,2K3,SIBN,Gesundheitswesen,US8257041090
2203,Siebert Financial Corp.,918831,USA,STF,SIEB,Finanzdienstleistungen,US8261761097
2204,Sientra Inc.,A12EE3,USA,S0Z,SIEN,Gesundheitswesen,US82621J1051
2205,Sierra Oncology Inc.,A2PYVV,USA,P7N1,SRRA,Biotechnologie,US82640U4040
2206,Sierra Wireless Inc.,920860,USA,WRW,SW.TO,Telekom,CA8265161064
2207,Sify Technologies Ltd. (ADRs),165489,USA,IWY1,SIFY,Internet,US82655M1071
2208,SIGA Technologies,919473,USA,not_found,SIGA,Biotechnologie,US8269171067
2209,Sigilon Therapeutics,A2QJXW,USA,not_found,SGTX,Biotechnologie,US82657L1070
2210,Sigma Labs Inc.,A2P062,USA,0223,SGLB,Sonstige Technologie,US8265985007
2211,Sigmatron International Inc.,900955,USA,SG3,SGMA,Elektrotechnologie,US82661L1017
2212,Signature Bank,A0B9ZR,USA,TQJ,SBNY,Finanzdienstleistungen,US82669G1040
2213,Silgan Holdings Inc.,905418,USA,SL3,SLGN,Kunststoffe/Verpackungen,US8270481091
2214,Silicom Ltd,898666,USA,S1L,SILC,Elektrotechnologie,IL0010826928
2215,Silicon Laboratories Inc.,935345,USA,LA5,SLAB,Sonstige Technologie,US8269191024
2216,Silicon Motion Technology Corp. (ADRs),A0ETU4,USA,S9M,SIMO,Halbleiter,US82706C1080
2217,Silk Road Medical Inc.,A2PFG4,USA,2OW,SILK,Gesundheitswesen,US82710M1009
2218,Silverback Therapeutics,A2QHK9,USA,not_found,SBTX,Biotechnologie,US82835W1080
2219,Silvercrest Asset Management Group,A1W1Z8,USA,not_found,SABR,IT-Dienstleistungen,US78573M1045
2220,SilverSun Technologies,A14NF1,USA,not_found,SABR,IT-Dienstleistungen,US78573M1045
2221,Simmons First National Corp,922248,USA,SN9,SFNC,Finanzdienstleistungen,US8287302009
2222,Simply Good Foods Co.,A2DUFK,USA,76L,SMPL,Nahrungsmittel/Agrar,US82900L1026
2223,Simulations Plus Inc.,924294,USA,SD3,SLP,Software,US8292141053
2224,Sinclair Broadcast Group Inc.,895748,USA,SBTA,SBGI,Medien,US8292261091
2225,Sinovac Biotech Ltd.,789125,USA,SVQ,not_found,Biotechnologie,AGP8696W1045
2226,SiNtx Technologies Inc.,A2PPL3,USA,111N,SINT,Gesundheitswesen,US8293923079
2227,Sio Gene Therapies Inc.,A2QHKW,USA,not_found,not_found,not_found,not_found
2228,Sirius XM Holdings Inc.,A1W8XE,USA,RDO,SIRI,Medien,US82968B1035
2229,SiTime Corp,A2PUK4,USA,not_found,SITM,Halbleiter,US82982T1060
2230,Siyata Mobile Inc.,A2QENB,USA,WK3E,SYTA,Telekom,CA83013Q5095
2231,Skillful Craftsman Education Technology Limited,-,USA,not_found,not_found,not_found,not_found
2232,Skywest Inc.,878075,USA,SY2,SKYW,Luftfahrt/Rüstung,US8308791024
2233,Skyworks Solutions Inc.,857760,USA,AWM,SWKS,Halbleiter,US83088M1027
2234,Sleep Number Corp.,A2H6Z9,USA,SL2,SNBR,Bau/Infrastruktur,US83125X1037
2235,SLM Corp,A0J20B,USA,not_found,SABR,IT-Dienstleistungen,US78573M1045
2236,SLM Corp.,932543,USA,SM1,SLM,Dienstleistungen,US78442P1066
2237,Smart Global Holdings Inc.,A2DSNQ,USA,850,SGH,Halbleiter,KYG8232Y1017
2238,Smart Sand Inc.,A2DGGK,USA,1SD,SND,Bau/Infrastruktur,US83191H1077
2239,SmartFinancial,-,USA,not_found,not_found,not_found,not_found
2240,SmileDirectClub Inc.,A2PRCJ,USA,0WF,SDC,Gesundheitswesen,US83192H1068
2241,Smith & Wesson Brands Inc.,A2P567,USA,SWS,SWBI,Konsumgüter,US8317541063
2242,Smith Micro Software Inc.,A2AQER,USA,SS91,SMSI,Software,US8321542073
2243,So-Young International,-,USA,not_found,not_found,not_found,not_found
2244,SOC Telemed,A2QD8Y,USA,not_found,SABR,IT-Dienstleistungen,US78573M1045
2245,Socket Mobile Inc.,A0RBSN,USA,SNB1,SCKT,Telekom,US83368E2000
2246,Sohu.com Ltd. (ADRs),A2JNBW,USA,2SU,SOHU,Internet,US83410S1087
2247,Sol-Gel Technologies Ltd.,A2JDHD,USA,4SG,SLGL,Pharma,IL0011417206
2248,Solar Capital Ltd.,A0RGYK,USA,ZSL,SLRC,Finanzdienstleistungen,US83413U1007
2249,Solar Senior Capital Ltd.,A1H82J,USA,SL8,SUNS,Finanzdienstleistungen,US83416M1053
2250,"SolarEdge Technologies, Inc.",A14QVM,USA,2ED,SEDG,Halbleiter,US83417M1045
2251,Soleno Therapeutics Inc.,A2JSTG,USA,6XC1,SLNO,Gesundheitswesen,US8342032005
2252,Solid Biosciences,A2JCWM,USA,B6C,SLDB,Pharma,US83422E1055
2253,Soligenix Inc.,A2AS7Q,USA,DOA2,SNGX,Pharma,US8342233074
2254,Soliton,-,USA,not_found,not_found,not_found,not_found
2255,Sonim Technologies Inc.,A2PH9U,USA,not_found,SABR,IT-Dienstleistungen,US78573M1045
2256,Sonnet Biotherapeut. Hldgs.Inc.,A2P2NP,USA,H3D,SONN,Nahrungsmittel/Agrar,US83548R1059
2257,Sono Group N.V.,A3C7QW,USA,57LA,SEV,Fahrzeuge,NL0015000N74
2258,Sonoma Pharmaceuticals Inc.,A2PMPH,USA,O8Z3,SNOA,Gesundheitswesen,US83558L2043
2259,Sonos Inc.,A2JPF2,USA,8SO,SONO,Konsumgüter,US83570H1086
2260,Sorrento Therapeutics Inc.,A1W8DY,USA,8STN,SRNE,Biotechnologie,US83587F2020
2261,Sotera Health Company,A2QHA5,USA,SH5,SHC,Gesundheitswesen,US83601L1026
2262,Sotherly Hotels,A1T9NK,USA,MCL,SOHO,Immobilien,US83600C1036
2263,Sound Financial Bancorp,-,USA,not_found,not_found,not_found,not_found
2264,South Plains Financial Inc.,A2PJ0C,USA,4S4,SPFI,Finanzdienstleistungen,US83946P1075
2265,Southern First Bancshares,A0MWJ6,USA,,SFST,Finanzdienstleistungen,US8428731017
2266,Southern Missouri Bancorp,923557,USA,,SMBC,Finanzdienstleistungen,US8433801060
2267,Southside Bancshares,923556,USA,SU7,SBSI,Finanzdienstleistungen,US84470P1093
2268,SouthState Corp,A116V6,USA,FJ5,SSB,Finanzdienstleistungen,US8404411097
2269,SP Plus Corp,A1W90C,USA,PZA,SP,Dienstleistungen,US78469C1036
2270,SPAR Group,899640,USA,not_found,not_found,not_found,not_found
2271,SpartanNash Co.,A115BY,USA,SRJ,SPTN,Handel/E-Commerce,US8472151005
2272,Spectrum Pharmaceuticals Inc.,164623,USA,NTR,SPPI,Pharma,US84763A1088
2273,Spero Therapeutics Inc.,A2H63F,USA,2HA,SPRO,Biotechnologie,US84833T1034
2274,Sphere 3D Corp.,A2N8YD,USA,8S3B,ANY,Software,CA84841L3083
2275,SPI Energy Co. Ltd.,A2N9L8,USA,7XSP,SPI,Erneuerbare Energien,KYG8651P1101
2276,Spirit of Texas Bancshares,-,USA,not_found,not_found,not_found,not_found
2277,Splunk Inc.,A1JV4H,USA,S0U,SPLK,Software,US8486371045
2278,Spok Holdings Inc.,A117N6,USA,FQV,SPOK,Telekom,US84863T1060
2279,Sports Ventures Acquisition Corp,A2QF3F,USA,not_found,SABR,IT-Dienstleistungen,US78573M1045
2280,Sportsman´s Warehouse Holdings Inc.,A112GA,USA,06S,SPWH,Handel/E-Commerce,US84920Y1064
2281,Spring Valley Acquisition Corp,A2QD9Z,USA,not_found,SABR,IT-Dienstleistungen,US78573M1045
2282,Sprouts Farmers Market Inc.,A1W2Q4,USA,1FA,SFM,Handel/E-Commerce,US85208M1027
2283,Spruce Biosciences,-,USA,not_found,not_found,not_found,not_found
2284,SPS Commerce Inc.,A1CW7W,USA,S86,SPSC,Software,US78463M1071
2285,SRAX Inc.,A2ASJF,USA,not_found,SABR,IT-Dienstleistungen,US78573M1045
2286,SS&C Technologies Holdings,A1CV38,USA,WGSA,SSNC,Software,US78467J1007
2287,SSR Mining Inc.,A2DVLE,USA,ZSV,SSRM.TO,Rohstoffe,CA7847301032
2288,STAAR SURGICAL CO.,870353,USA,SR3,STAA,Gesundheitswesen,US8523123052
2289,Stabilis Solutions,-,USA,not_found,not_found,not_found,not_found
2290,Star Bulk Carriers Corp,A2AM06,USA,4FAP,SBLK,Logistik/Transport,MHY8162K2046
2291,Star Equity Holdings Inc.,A2QLRZ,USA,FDV,STRR,Industrie/Mischkonzerne,US85513Q1031
2292,Starbucks Corp.,884437,USA,not_found,not_found,not_found,not_found
2293,Stealth BioTherapeutics Corp. (ADRs),A2PEJ7,USA,S1BA,US85789A1051.SG,Biotechnologie,US85789A1051
2294,Stealthgas Inc.,A0HFYU,USA,S6W,GASS,Logistik/Transport,MHY816691064
2295,Steel Connect Inc.,A2JE3E,USA,CGOB,STCN,Internet,US8580981061
2296,Steel Dynamics Inc.,903772,USA,SD5,STLD,Eisen/Stahl,US8581191009
2297,StepStone Group,-,USA,not_found,not_found,not_found,not_found
2298,Stericycle Inc.,902518,USA,SY9,SRCL,Dienstleistungen,US8589121081
2299,Sterling Bancorp,A2H7XE,USA,ST4,SBT,Finanzdienstleistungen,US85917W1027
2300,Sterling Construction Co. Inc.,882359,USA,UAO,STRL,Bau/Infrastruktur,US8592411016
2301,Steven Madden Ltd,898166,USA,SJM,SHOO,Bekleidung/Textil,US5562691080
2302,Stitch Fix Inc.,A2H52J,USA,SYJ,SFIX,Internet,US8608971078
2303,Stock Yards Bancorp Inc.,A1120S,USA,S4Y,SYBT,Finanzdienstleistungen,US8610251048
2304,Stoke Therapeutics Inc.,A2PLTL,USA,0GT,STOK,Biotechnologie,US86150R1077
2305,Stoneco Ltd.,A2N7XN,USA,0Q0,STNE,Finanzdienstleistungen,KYG851581069
2306,StoneX Group,A2P8CE,USA,I4F,SNEX,Finanzdienstleistungen,US8618961085
2307,Strata Skin Sciences Inc.,A2DQVU,USA,E2OM,SSKN,Sonstige Technologie,US86272A2069
2308,Stratasys Ltd.,A1J5UR,USA,SCY,SSYS,Sonstige Technologie,IL0011267213
2309,Strategic Education Inc.,A2JRXJ,USA,SQE,STRA,Dienstleistungen,US86272C1036
2310,Strattec Security Corp.,894333,USA,SS8,STRT,Sonstige Technologie,US8631111007
2311,Stratus Properties,785165,USA,SR5,STRS,Immobilien,US8631672016
2312,Streamline Health Solutions,A0J3YQ,USA,LV1,STRM,IT-Dienstleistungen,US86323X1063
2313,Summer Infant,A2P1R1,USA,2NF1,SUMR,Konsumgüter,US8656463010
2314,Summit Financial Group,A0DQF1,USA,,SMMF,Finanzdienstleistungen,US86606G1013
2315,Summit State Bank,A0KD1W,USA,not_found,SABR,IT-Dienstleistungen,US78573M1045
2316,Summit Wireless Technologies Inc.,A2P20Z,USA,SUE1,WISA,Halbleiter,US86633R2031
2317,Sumo Logic Inc.,A2QB17,USA,SU5,SUMO,Software,US86646P1030
2318,Sun Country Airlines Holdings,A2QRFX,USA,not_found,SNCY,Luftfahrt/Rüstung,US8666831057
2319,Sundial Growers Inc.,A2PPQ6,USA,14K,SNDL,Pharma,CA86730L1094
2320,SunOpta Inc.,784556,USA,ZSK,STKL,Nahrungsmittel/Agrar,CA8676EP1086
2321,Sunpower Corp.,A1JNM7,USA,S9P2,SPWR,Erneuerbare Energien,US8676524064
2322,Sunrun Inc.,A14V1T,USA,3S9,RUN,Erneuerbare Energien,US86771W1053
2323,Sunworks Inc.,A2PRBX,USA,7SL2,SUNW,Erneuerbare Energien,US86803X2045
2324,Super League Gaming Inc.,A2PE0J,USA,8LG,SLGG,Unterhaltung,US86804F2020
2325,Super Micro Computer Inc.,A0MKJF,USA,MS5,SMCI,Hardware,US86800U1043
2326,SuperCom Ltd.,920474,USA,50S,SPCB,Elektrotechnologie,IL0010830961
2327,Superior Group of Companies,904472,USA,6G6,SGC,Handel/E-Commerce,US8683581024
2328,Supernus Pharmaceuticals Inc.,A1JX3U,USA,S49,SUPN,Biotechnologie,US8684591089
2329,Surface Oncology Inc.,A2JJ8Q,USA,QSOA,SURF,Biotechnologie,US86877M2098
2330,Surgery Partners Inc.,A14YWP,USA,1SP,SGRY,Gesundheitswesen,US86881A1007
2331,Surmodics Inc.,914178,USA,SU6,SRDX,Chemie,US8688731004
2332,SuRo Capital Corp.,A2P7YR,USA,0GV,SSSS,Finanzdienstleistungen,US86887Q1094
2333,Sutro Biopharma Inc.,A2N6SG,USA,S09,STRO,Biotechnologie,US8693671021
2334,SVB Financial Group,A0ET46,USA,SV4,SIVB,Finanzdienstleistungen,US78486Q1013
2335,SWK Holdings Corp,-,USA,not_found,not_found,not_found,not_found
2336,Synalloy Corp,859904,USA,SY4,SYNL,Industrie/Mischkonzerne,US8715651076
2337,Synaptics Inc.,529873,USA,SJN,SYNA,Hardware,US87157D1090
2338,Synchronoss Technologies Inc.,A0J2QD,USA,H6K,SNCR,Software,US87157B1035
2339,Syndax Pharmaceuticals Inc.,A2AFL6,USA,1T3,SNDX,Biotechnologie,US87164F1057
2340,Syneos Health Inc.,A2JBKW,USA,8IN,SYNH,Gesundheitswesen,US87166B1026
2341,Synlogic Inc.,A2DWU0,USA,MINA,SYBX,Biotechnologie,US87166L1008
2342,Synopsys Inc.,883703,USA,SYP,SNPS,Software,US8716071076
2343,Sypris Solutions,923590,USA,SJS,SYPR,Elektrotechnologie,US8716551069
2344,Syros Pharmaceuticals Inc.,A2AP4X,USA,0S9,SYRS,Biotechnologie,US87184Q1076
2345,T-Mobile US Inc.,A1T7LU,USA,TM5,TMUS,Telekom,US8725901040
2346,T. Rowe Price Group Inc.,870967,USA,TR1,TROW,Finanzdienstleistungen,US74144T1088
2347,T2 Biosystems Inc.,A119H3,USA,3T2,TTOO,Biotechnologie,US89853L1044
2348,Tabula Rasa Healthcare Inc.,A2ASWL,USA,43T,TRHC,Software,US8733791011
2349,Taitron Components,911664,USA,TAI,TAIT,Elektrotechnologie,US8740281030
2350,Take-Two Interactive Software Inc.,914508,USA,TKE,TTWO,Software,US8740541094
2351,Talis Biomedical Corp,A2QPAV,USA,not_found,TLIS,Gesundheitswesen,US87424L1089
2352,Tandem Diabetes Care Inc.,A2H5BX,USA,TD5A,TNDM,Gesundheitswesen,US8753722037
2353,Tarena International Inc. (ADRs),A1XF1L,USA,not_found,SABR,IT-Dienstleistungen,US78573M1045
2354,Target Hospitality Corp,-,USA,not_found,not_found,not_found,not_found
2355,Tarsus Pharmaceuticals,-,USA,not_found,not_found,not_found,not_found
2356,TaskUs Inc.,A3CR4H,USA,6VY,TASK,IT-Dienstleistungen,US87652V1098
2357,Tastemaker Acquisition Corp,A2QF35,USA,not_found,SABR,IT-Dienstleistungen,US78573M1045
2358,TAT Technologies Ltd,884632,USA,not_found,SABR,IT-Dienstleistungen,US78573M1045
2359,Tattooed Chef Inc.,A2QD83,USA,F7M,TTCF,Nahrungsmittel/Agrar,US87663X1028
2360,Taylor Devices,924471,USA,,TAYD,Sonstige Technologie,US8771631053
2361,Taysha Gene Therapies,-,USA,not_found,not_found,not_found,not_found
2362,TCG BDC,A2DTY8,USA,6JR,CGBD,Finanzdienstleistungen,US8722801029
2363,TCR2 Therapeutics Inc.,A2PBHX,USA,2K7,TCRR,Biotechnologie,US87808K1060
2364,TD Holdings Inc.,A2P1WU,USA,CNG1,GLG,Finanzdienstleistungen,US87250W1036
2365,TDH Holdings,A2H51N,USA,not_found,SABR,IT-Dienstleistungen,US78573M1045
2366,TechTarget Inc.,A0MRMK,USA,EFT,TTGT,IT-Dienstleistungen,US87874R1005
2367,Tecnoglass Inc,A1XBE8,USA,7FH,TGLS,Bau/Infrastruktur,KYG872641009
2368,Telos Corp,A2QHTQ,USA,not_found,TLS,IT-Dienstleistungen,US87969B1017
2369,Tenable Holdings Inc.,A2JQRT,USA,TE7,TENB,Software,US88025T1025
2370,Tenax Therapeutics Inc.,A2JEYS,USA,YBOC,TENX,Biotechnologie,US88032L2097
2371,Teradyne Inc.,859892,USA,TEY,TER,Halbleiter,US8807701029
2372,Terns Pharmaceuticals Inc.,A2QNWR,USA,430,TERN,Biotechnologie,US8808811074
2373,Territorial Bancorp Inc.,A0X9Y8,USA,9TB,TBNK,Finanzdienstleistungen,US88145X1081
2374,Tesla Inc.,A1CX3T,USA,TL0,TSLA,Fahrzeuge,US88160R1014
2375,TESSCO Technologies Inc.,891973,USA,TT5,TESS,Netzwerktechnik,US8723861071
2376,Tetra Tech Inc.,902888,USA,TT6,TTEK,Dienstleistungen,US88162G1031
2377,Texas Capital Bancshares Inc.,121221,USA,TCA,TCBI,Finanzdienstleistungen,US88224Q1076
2378,Texas Instruments Inc.,852654,USA,TII,TXN,Halbleiter,US8825081040
2379,Texas Roadhouse Inc.,A0DKNQ,USA,ROW,TXRH,Nahrungsmittel/Agrar,US8826811098
2380,TFF Pharmaceuticals Inc.,A2PQ7K,USA,0K3,TFFP,Pharma,US87241J1043
2381,TFS Financial Corp,A0MQV6,USA,PWT,TFSL,Finanzdienstleistungen,US87240R1077
2382,TG Therapeutics Inc.,A1JXW7,USA,NKB2,TGTX,Pharma,US88322Q1085
2383,Thayer Ventures Acquisition Corp,A2QC4Q,USA,not_found,TGTX,Pharma,US88322Q1085
2384,The Andersons Inc.,920678,USA,AKG,ANDE,Handel/E-Commerce,US0341641035
2385,The Carlyle Group Inc.,A2PXCR,USA,3VU,CG,Finanzdienstleistungen,US14316J1088
2386,The Descartes Systems Group Inc.,913612,USA,DC2,DSG.TO,Software,CA2499061083
2387,The Goodyear Tire & Rubber Co.,851204,USA,GTR,GT,Fahrzeuge,US3825501014
2388,The Hackett Group Inc.,A0NAKZ,USA,AWT,HCKT,Dienstleistungen,US4046091090
2389,The Hain Celestial Group Inc.,908170,USA,HF1,HAIN,Nahrungsmittel/Agrar,US4052171000
2390,The Office Depot Corp.,A2P739,USA,ODP1,ODP,Handel/E-Commerce,US88337F1057
2391,The RealReal Inc.,A2PHB7,USA,6RR,REAL,Internet,US88339P1012
2392,The Trade Desk Inc.,A2ARCV,USA,TT8,TTD,Dienstleistungen,US88339J1051
2393,TherapeuticsMD Inc.,A1W1WN,USA,29T,TXMD,Pharma,US88338N1072
2394,Theratechnologies Inc.,915439,USA,TQ8,TH.TO,Biotechnologie,CA88338H1001
2395,Theravance Biopharma Inc.,A1137V,USA,0TB,TBPH,Biotechnologie,KYG8807B1068
2396,Thermogenesis,A2PUSP,USA,THRP,THMO,Sonstige Technologie,US88362L1008
2397,Thryv Holdings,-,USA,not_found,not_found,not_found,not_found
2398,TIAN RUIXIANG Holdings Ltd,A2PYB6,USA,not_found,THMO,Sonstige Technologie,US88362L1008
2399,Tilray Brands Inc.,A2JQSC,USA,2HQ,TLRY,Pharma,US88688T1007
2400,Timberland Bancorp,923588,USA,,TSBK,Finanzdienstleistungen,US8870981011
2401,Tiptree,A1W15L,USA,not_found,TSBK,Finanzdienstleistungen,US8870981011
2402,Titan Machinery Inc.,A0M8F2,USA,3TY,TITN,Maschinenbau,US88830R1014
2403,Titan Medical Inc.,A2JN66,USA,QTNA,TMD.TO,Sonstige Technologie,CA88830X8199
2404,Tivity Health Inc.,A2DKCM,USA,AFN,TVTY,Gesundheitswesen,US88870R1023
2405,Tiziana Life Sciences PLC (ADRs),A2PTNF,USA,not_found,TVTY,Gesundheitswesen,US88870R1023
2406,TOMI Environmental Solutions,-,USA,not_found,not_found,not_found,not_found
2407,Tonix Pharmaceuticals Holding Corp.,A2PUSY,USA,TPMR,TNXP,Pharma,US8902607063
2408,TORM plc,A2AGBV,USA,1T4,TRMD-A.CO,Logistik/Transport,GB00BZ3CNK81
2409,Toughbuilt Industries Inc.,A2P26X,USA,36QA,TBLT,Bau/Infrastruktur,US89157G5045
2410,Tower Semiconductor Ltd.,893169,USA,TOW,TSEM,Halbleiter,IL0010823792
2411,TowneBank,A0CA4B,USA,3T8,TOWN,Finanzdienstleistungen,US89214P1093
2412,TPI Composites Inc.,A2AMFQ,USA,GX6,TPIC,Elektrotechnologie,US87266J1043
2413,TRACON Pharmaceuticals Inc.,A2PU7C,USA,T051,TCON,Biotechnologie,US89237H2094
2414,Tractor Supply Co.,889826,USA,TR4,TSCO,Handel/E-Commerce,US8923561067
2415,Tradeweb Markets Inc.,A2PGG8,USA,4T0,TW,Finanzdienstleistungen,US8926721064
2416,Trans World Entertainment Corp.,-,USA,not_found,not_found,not_found,not_found
2417,TransAct Technologies,910968,USA,,TACT,Sonstige Technologie,US8929181035
2418,Transcat,923106,USA,TR8,TRNS,Dienstleistungen,US8935291075
2419,Transglobe Energy Corp.,865742,USA,TRP,TGA,Öl/Gas,CA8936621066
2420,TransMedics Group,-,USA,not_found,not_found,not_found,not_found
2421,Travelcenters of America LLC,A2PPUL,USA,T8A1,TA,Dienstleistungen,US89421B1098
2422,Travelzoo Inc.,A1W8DE,USA,TXM1,TZOO,Internet,US89421Q2057
2423,Travere Therapeutics Inc.,A2QHYP,USA,17R,TVTX,Biotechnologie,US89422G1076
2424,Trean Insurance Group,-,USA,not_found,not_found,not_found,not_found
2425,Trevena Inc.,A1XDSL,USA,6T4,TRVN,Biotechnologie,US89532E1091
2426,Trevi Therapeutics,-,USA,not_found,not_found,not_found,not_found
2427,Tricida Inc.,A2JPBU,USA,1T7,TCDA,Pharma,US89610F1012
2428,TriCo Bancshares,923109,USA,,TCBK,Finanzdienstleistungen,US8960951064
2429,Trillium Therapeutics Inc.,A12FG3,USA,not_found,TCBK,Finanzdienstleistungen,US8960951064
2430,TriMas Corp,A0MSDG,USA,MQ1,TRS,Industrie/Mischkonzerne,US8962152091
2431,Trimble Inc.,882295,USA,TB5,TRMB,Sonstige Technologie,US8962391004
2432,Trinity Biotech ADR,A0ET3S,USA,TRBA,TRIB,Biotechnologie,US8964383066
2433,Trinity Capital,A2QNNR,USA,9F7,TRIN,Finanzdienstleistungen,US8964423086
2434,Trip.com Group Ltd. (ADRs),A2PUXF,USA,CLV,TCOM,Internet,US89677Q1076
2435,Tripadvisor Inc.,A1JRLK,USA,T6A,TRIP,Hotels/Tourismus,US8969452015
2436,TriState Capital Holdings,A1WYUJ,USA,3ZS,TSC,Finanzdienstleistungen,US89678F1003
2437,Tritium DCFC Limited,A3DDU7,USA,not_found,TSC,Finanzdienstleistungen,US89678F1003
2438,Triumph Bancorp,-,USA,not_found,not_found,not_found,not_found
2439,Triumph Bancorp Inc.,A12E8S,USA,2THA,TBK,Finanzdienstleistungen,US89679E3009
2440,trivago N.V. (ADRs),A2DH0T,USA,TVAG,TVAG.SG,Internet,US89686D1054
2441,TrueCar Inc.,A1132L,USA,5TC,TRUE,Internet,US89785L1070
2442,Trupanion Inc.,A117KY,USA,TPW,TRUP,Finanzdienstleistungen,US8982021060
2443,Trustmark Corp,872967,USA,TT4,TRMK,Finanzdienstleistungen,US8984021027
2444,TSR,A0YGXB,USA,not_found,TSRI,Dienstleistungen,US8728852075
2445,TTEC Holdings Inc.,A2JBPP,USA,TH1,TTEC,Dienstleistungen,US89854H1023
2446,TTM Technologies Inc.,940990,USA,TT1,TTMI,Elektrotechnologie,US87305R1095
2447,Tucows Inc.,A1XBJS,USA,TUQ1,TCX,Internet,US8986972060
2448,Tuniu Corp. (ADRs),A1128G,USA,0TUA,TOUR,Internet,US89977P1066
2449,Turmeric Acquisition Corp,A2QF33,USA,not_found,TOUR,Internet,US89977P1066
2450,Turning Point Therapeutics,-,USA,not_found,not_found,not_found,not_found
2451,Turtle Beach Corp.,A2JHVL,USA,0P1A,HEAR,Sonstige Technologie,US9004502061
2452,Tuscan Holdings Corp. II,A2QDMV,USA,62NA,THCA,Finanzdienstleistungen,US90070A1034
2453,TuSimple Holdings,-,USA,not_found,not_found,not_found,not_found
2454,Twin Disc,867667,USA,TWN,TWIN,Maschinenbau,US9014761012
2455,Twist Bioscience Corp.,A2N7L2,USA,0ME,TWST,Biotechnologie,US90184D1000
2456,Tyme Technologies Inc.,A14XMS,USA,RFL,TYME,Biotechnologie,US90238J1034
2457,TZP Strategies Acquisition Corp,A2QPP6,USA,not_found,TYME,Biotechnologie,US90238J1034
2458,U.S. Energy Corp.,A2PXV6,USA,UE22,USEG,Rohstoffe,US9118053076
2459,U.S. Gold Corp.,A2P14K,USA,DTUR,USAU,Rohstoffe,US90291C2017
2460,uCloudlink Group,-,USA,not_found,not_found,not_found,not_found
2461,Ucommune International Ltd,A2QF4Y,USA,not_found,USAU,Rohstoffe,US90291C2017
2462,UFP Industries Inc.,A2P4EB,USA,UF3,UFPI,Rohstoffe,US90278Q1085
2463,UFP Technologies,891541,USA,UFP,UFPT,Kunststoffe/Verpackungen,US9026731029
2464,Ulta Beauty Inc.,A0M240,USA,34U,ULTA,Kosmetik,US90384S3031
2465,Ultra Clean Holdings Inc.,A0B9LA,USA,UCE,UCTT,Halbleiter,US90385V1070
2466,Ultragenyx Pharmaceutical Inc.,A1XCY0,USA,UP0,RARE,Biotechnologie,US90400D1081
2467,Ultralife Corp.,888615,USA,ULB,ULBI,Elektrotechnologie,US9038991025
2468,UMB Financial Corp,900421,USA,UMB,UMBF,Finanzdienstleistungen,US9027881088
2469,Umpqua Holdings Corp,923587,USA,UMQ,UMPQ,Finanzdienstleistungen,US9042141039
2470,Unico American Corp,922247,USA,,UNAM,Finanzdienstleistungen,US9046071083
2471,Union Bankshares,A0EAFD,USA,not_found,UNAM,Finanzdienstleistungen,US9046071083
2472,Uniqure BV,A1XDTV,USA,UQ1,QURE,Biotechnologie,NL0010696654
2473,United Airlines Holdings Inc.,A1C6TV,USA,UAL1,UAL,Luftfahrt/Rüstung,US9100471096
2474,United Bancorp,924313,USA,not_found,UAL,Luftfahrt/Rüstung,US9100471096
2475,United Bancshares,634812,USA,,UBOH,Finanzdienstleistungen,US9094581017
2476,United Bankshares,923128,USA,UNK,UBSI,Finanzdienstleistungen,US9099071071
2477,United Community Banks,A1JB5Q,USA,UCBN,UCBI,Finanzdienstleistungen,US90984P3038
2478,United Community Banks,-,USA,not_found,not_found,not_found,not_found
2479,United Fire Group,A1JTQU,USA,not_found,UFCS,Finanzdienstleistungen,US9103401082
2480,United Insurance Holdings Corp,A1KAG3,USA,0UI,UIHC,Finanzdienstleistungen,US9107101027
2481,United Security Bancshares,351160,USA,4QR,UBFO,Finanzdienstleistungen,US9114601035
2482,United States Lime & Minerals,923585,USA,ULI,USLM,Rohstoffe,US9119221029
2483,United Therapeutics Corp.,923818,USA,UTH,UTHR,Pharma,US91307C1027
2484,United-Guardian,867399,USA,not_found,UG,Kosmetik,US9105711082
2485,Uniti Group Inc.,A2DMKY,USA,8XC,UNIT,Immobilien,US91325V1089
2486,Unity Biotechnology Inc.,A2JLUJ,USA,9U9,UBX,Biotechnologie,US91381U1016
2487,Universal Display Corp.,917585,USA,UVD,OLED,Hardware,US91347P1057
2488,Universal Electronics,885793,USA,UE1,UEIC,Software,US9134831034
2489,Universal Logistics Holdings,A0D8FG,USA,,ULH,Logistik/Transport,US91388P1057
2490,Universal Stainless & Alloy Products,923569,USA,US6,USAP,Eisen/Stahl,US9138371003
2491,Univest Financial Corp,762595,USA,UVE,UVSP,Finanzdienstleistungen,US9152711001
2492,UP Fintech Holding Ltd. (ADRs),A2PFTG,USA,1M5,US91531W1062.SG,Finanzdienstleistungen,US91531W1062
2493,Upload Software Inc.,A12EHS,USA,16U,UPLD,Software,US91544A1097
2494,Upstart Holdings Inc.,-,USA,not_found,not_found,not_found,not_found
2495,Upwork,A2N5QE,USA,UP2,UPWK,Internet,US91688F1049
2496,Urban One,A2DRLC,USA,UA1N,UONEK,Medien,US91705J2042
2497,Urban One Inc.,A2DRLB,USA,UA1,UONE,Medien,US91705J1051
2498,Urban Outfitters Inc.,888903,USA,UOF,URBN,Handel/E-Commerce,US9170471026
2499,urban-gro,A2QN2U,USA,not_found,URBN,Handel/E-Commerce,US9170471026
2500,UroGen Pharma Ltd.,A2DTCV,USA,UR8,URGN,Biotechnologie,IL0011407140
2501,US Ecology Inc.,A2PUS1,USA,3ER,ECOL,Dienstleistungen,US91734M1036
2502,US Global Investors Inc.,580966,USA,UGL,GROW,Finanzdienstleistungen,US9029521005
2503,US Well Services,-,USA,not_found,not_found,not_found,not_found
2504,USA Truck,883866,USA,3UT,USAK,Logistik/Transport,US9029251066
2505,Usio,-,USA,not_found,not_found,not_found,not_found
2506,Utah Medical Products,882656,USA,UTM,UTMD,Gesundheitswesen,US9174881089
2507,UTStarcom Holdings Corp,A1T7F9,USA,UT5A,UTSI,Netzwerktechnik,KYG9310A1141
2508,Uxin Ltd. (ADRs),A2JP34,USA,UX0,UXIN,Internet,US91818X1081
2509,Valley National Bancorp,874148,USA,VNB,VLY,Finanzdienstleistungen,US9197941076
2510,Vallon Pharmaceuticals,A2QHRQ,USA,not_found,VLON,Biotechnologie,US92023M1018
2511,Value Line,867764,USA,not_found,VALU,Dienstleistungen,US9204371002
2512,Vanda Pharmaceuticals Inc.,A0JJT3,USA,VM4,VNDA,Biotechnologie,US9216591084
2513,Varex Imaging Corp.,A2DKK2,USA,VI4,VREX,Gesundheitswesen,US92214X1063
2514,Varonis Systems Inc.,A1XELT,USA,VS2,VRNS,Software,US9222801022
2515,Vascular Biogenics Ltd,A119YE,USA,not_found,VRNS,Software,US9222801022
2516,Vasta Platform Limited,-,USA,not_found,not_found,not_found,not_found
2517,Vaxart Inc.,A2JD8X,USA,NB11,VXRT,Biotechnologie,US92243A2006
2518,Vaxcyte Inc.,A2P6R6,USA,5VA,PCVX,Biotechnologie,US92243G1085
2519,VBI Vaccines Inc.,A2AJ0L,USA,LO91,VBIV,Biotechnologie,CA91822J1030
2520,VectivBio Holding AG,-,USA,not_found,not_found,not_found,not_found
2521,Veeco Instruments Inc.,896007,USA,VEO,VECO,Nanotechnologie,US9224171002
2522,Velodyne Lidar Inc.,A2QDF9,USA,808,VLDR,Fahrzeuge,US92259F1012
2523,Ventoux CCM Acquisition Corp,A2QDG6,USA,not_found,VLDR,Fahrzeuge,US92259F1012
2524,Venus Concept Inc.,A2PU7A,USA,0RR1,VERO,Gesundheitswesen,US92332W1053
2525,Veon Ltd. (ADRs),A2DN8Y,USA,35V,VEON,Telekom,US91822M1062
2526,Vera Bradley,A1C7RU,USA,ELI,VRA,Konsumgüter,US92335C1062
2527,Veracyte Inc.,A1W7EA,USA,12V,VCYT,Biotechnologie,US92337F1075
2528,Verastem Inc.,A1JTPU,USA,2VS,VSTM,Biotechnologie,US92337C1045
2529,Verb Technology Co. Inc.,A2PD0Z,USA,37V,VERB,Software,US92337U1043
2530,Vericel Corp.,A12FU4,USA,ATQP,VCEL,Biotechnologie,US92346J1088
2531,Vericity Inc.,A2PLYB,USA,2TE,VERY,Finanzdienstleistungen,US92347D1000
2532,VerifyMe Inc.,A2P66U,USA,LT1B,VRME,Software,US92346X2062
2533,Verint Systems Inc.,541561,USA,VTY,VRNT,IT-Dienstleistungen,US92343X1000
2534,Verisign Inc.,911090,USA,VRS,VRSN,IT-Dienstleistungen,US92343E1029
2535,Verisk Analytics Inc.,A0YA2M,USA,VA7A,VRSK,Dienstleistungen,US92345Y1064
2536,Veritex Holdings Inc.,A12DMB,USA,47Y,VBTX,Finanzdienstleistungen,US9234511080
2537,Veritone Inc,A2DR5Y,USA,VEK,VERI,Software,US92347M1009
2538,Verona Pharma plc,A2N39N,USA,I9SA,I9SA.F,Pharma,US9250501064
2539,Verra Mobility Corp,-,USA,not_found,not_found,not_found,not_found
2540,Verrica Pharmaceuticals Inc.,A2JPEV,USA,1NE,VRCA,Biotechnologie,US92511W1080
2541,Versartis Inc.,A2N7N2,USA,VE11,ARAV,Biotechnologie,US03890D1081
2542,Vertex Energy Inc.,A0RM7P,USA,5VE,VTNR,Versorger,US92534K1079
2543,Vertex Inc.,A2P93F,USA,56X,VERX,Software,US92538J1060
2544,Vertex Pharmaceuticals Inc.,882807,USA,VX1,VRTX,Pharma,US92532F1003
2545,Veru Inc.,A2DV3C,USA,FMW,VERU,Gesundheitswesen,US92536C1036
2546,Viant Technology,A2QN43,USA,not_found,DSP,Software,US92557A1016
2547,Viasat Inc.,908189,USA,VS1,VSAT,Telekom,US92552V1008
2548,Viatris Inc.,A2QAME,USA,VIA,VTRS,Pharma,US92556V1061
2549,Viavi Solutions Inc.,A14XLZ,USA,UNS1,VIAV,Hardware,US9255501051
2550,Vicor Corp.,881341,USA,VCV,VICR,Elektrotechnologie,US9258151029
2551,Victory Capital Holdings Inc.,A2JDX0,USA,3PK,VCTR,Finanzdienstleistungen,US92645B1035
2552,Vidler Water Resources Inc.,A2QQ2C,USA,PID0,VWTR,Finanzdienstleistungen,US92660E1073
2553,Viemed Healthcare Inc.,A2G832,USA,VIJ,VMD.TO,Gesundheitswesen,CA92663R1055
2554,ViewRay Inc.,A2AE2S,USA,6L9,VRAY,Gesundheitswesen,US92672L1070
2555,Viking Therapeutics Inc.,A12GD6,USA,1VT,VKTX,Biotechnologie,US92686J1060
2556,Village Bank and Trust Financial Corp,-,USA,not_found,not_found,not_found,not_found
2557,Village Farms Internat. Inc.,A0YJNB,USA,02V,VFF,Nahrungsmittel/Agrar,CA92707Y1088
2558,Village Super Market,923152,USA,VSU,VLGEA,Handel/E-Commerce,US9271074091
2559,Vincerx Pharma,A2QHQ0,USA,not_found,VLGEA,Handel/E-Commerce,US9271074091
2560,Vinci Partners Investments Ltd,A2QNED,USA,not_found,VLGEA,Handel/E-Commerce,US9271074091
2561,Vinco Ventures,A2QHDQ,USA,not_found,BBIG,Finanzdienstleistungen,US9273301005
2562,Viomi Technology Co Ltd,-,USA,not_found,not_found,not_found,not_found
2563,Viper Energy Partners L.P.,A1158P,USA,VEG,VNOM,Öl/Gas,US92763M1053
2564,Vir Biotechnology,-,USA,not_found,not_found,not_found,not_found
2565,Viracta Therapeutics Inc.,A2QQRS,USA,RYI,VIRX,Pharma,US92765F1084
2566,Virco Manufacturing Corp,869628,USA,,VIRC,Bau/Infrastruktur,US9276511097
2567,VirTra Inc.,A2JE8P,USA,0XQ,VTSI,Sonstige Technologie,US92827K3014
2568,Virtu Financial Inc.,A14RHF,USA,0VF,VIRT,Finanzdienstleistungen,US9282541013
2569,Virtus Investment Partners,A0RK8G,USA,VIP,VRTS,Finanzdienstleistungen,US92828Q1094
2570,Vision Marine Technologies,A2QJ8D,USA,not_found,VRTS,Finanzdienstleistungen,US92828Q1094
2571,Vislink Technologies Inc.,A2QEL9,USA,15XC,VISL,Netzwerktechnik,US92836Y3009
2572,VistaGen Therapeutics,A2AJU8,USA,not_found,VISL,Netzwerktechnik,US92836Y3009
2573,Vistas Media Acquisition Company,-,USA,not_found,not_found,not_found,not_found
2574,Visteon Corp.,A1C6VY,USA,VS51,VC,Fahrzeuge,US92839U2069
2575,Vital Farms Inc.,A2QAN3,USA,5KH,VITL,Nahrungsmittel/Agrar,US92847W1036
2576,Vitru Limited,A2QCQN,USA,not_found,VITL,Nahrungsmittel/Agrar,US92847W1036
2577,VivoPower International PLC,A2DJ2T,USA,51J,VVPR,Erneuerbare Energien,GB00BD3VDH82
2578,Vodafone Group PLC (ADRs),A1XD9Z,USA,VODJ,VOD,Telekom,US92857W3088
2579,Vonage Holdings Corp.,A0JM16,USA,V1Y,VG,Telekom,US92886T2015
2580,Vor Biopharma,A2QNC7,USA,not_found,VOR,Biotechnologie,US9290331084
2581,voxeljet AG (ADRs),A2QBGM,USA,VX8B,VJET,Maschinenbau,US92912L2060
2582,VOXX International Corp.,A1JQ58,USA,VOX,VOXX,Telekom,US91829F1049
2583,Voyager Therapeutics Inc.,A143XJ,USA,VT6,VYGR,Biotechnologie,US92915B1061
2584,VSE Corp.,868172,USA,VS3,VSEC,Dienstleistungen,US9182841000
2585,vTv Therapeutics Inc.,A14XHJ,USA,5VT,VTVT,Biotechnologie,US9183851057
2586,Vuzix Corp.,A1KCVK,USA,V7XN,VUZI,Sonstige Technologie,US92921W3007
2587,Waitr Holdings Inc.,A2N9LN,USA,1OW,WTRH,Internet,US9307521008
2588,Walgreens Boots Alliance Inc.,A12HJF,USA,W8A,WBA,Handel/E-Commerce,US9314271084
2589,WalkMe Ltd,A3CSB6,USA,not_found,WKME,Software,IL0011765851
2590,Warner Music Group Corp.,A2P0W9,USA,WA4,WMG,Medien,US9345502036
2591,Washington Federal,896421,USA,WAO,WAFD,Finanzdienstleistungen,US9388241096
2592,Washington Trust Bancorp,919434,USA,WT1,WASH,Finanzdienstleistungen,US9406101082
2593,Waterstone Financial,A1XCHS,USA,47Z,WSBF,Finanzdienstleistungen,US94188P1012
2594,Wave Life Sciences Ltd.,A1436W,USA,1U5,WVE,Pharma,SG9999014716
2595,"Wayside Technology Group Inc. Registered Shares DL -,01",A0KFCZ,USA,PYA,WSTG,Handel/E-Commerce,US9467601053
2596,WD-40 Co.,878588,USA,WD1,WDFC,Konsumgüter,US9292361071
2597,Weatherford International plc,A116P6,USA,0WE,WFRD,Öl/Gas,IE00BLNN3691
2598,Weibo Corp. (ADRs),A110V7,USA,2WBA,WB,Internet,US9485961018
2599,Wendy's Company,A1JB8H,USA,TQK,WEN,Nahrungsmittel/Agrar,US95058W1009
2600,Werner Enterprises Inc.,871329,USA,WE1,WERN,Logistik/Transport,US9507551086
2601,WesBanco,923622,USA,WEY,WSBC,Finanzdienstleistungen,US9508101014
2602,West Bancorporation,634741,USA,WB3,WTBA,Finanzdienstleistungen,US95123P1066
2603,Westamerica Bancorporation,884167,USA,WB1,WABC,Finanzdienstleistungen,US9570901036
2604,Western Digital Corp.,863060,USA,WDC,WDC,Hardware,US9581021055
2605,Western New England Bancorp,A2AT5D,USA,489,WNEB,Finanzdienstleistungen,US9588921018
2606,Westport Fuel Systems Inc.,A0Q67T,USA,WPIA,WPRT.TO,Maschinenbau,CA9609083097
2607,Weyco Group,857366,USA,WY1,WEYS,Bekleidung/Textil,US9621491003
2608,WhiteHorse Finance,A1KA6L,USA,M9X,WHF,Finanzdienstleistungen,US96524V1061
2609,Whole Earth Brands,-,USA,not_found,not_found,not_found,not_found
2610,Wilhelmina International,A117S2,USA,not_found,WHF,Finanzdienstleistungen,US96524V1061
2611,Willamette Valley Vineyards,676910,USA,,WVVI,Getränke/Tabak,US9691361003
2612,Willdan Group Inc.,A0LB1U,USA,J2A,WLDN,Dienstleistungen,US96924N1000
2613,Willis Lease Finance Corp,920892,USA,WIJ,WLFC,Finanzdienstleistungen,US9706461053
2614,Willis Towers Watson PLC,A2AC3K,USA,WTY,WTW,Finanzdienstleistungen,IE00BDB6Q211
2615,WillScot Corp.,A2P8AW,USA,WS11,WSC,Finanzdienstleistungen,US9713781048
2616,WiMi Hologram Cloud Inc. (ADR´s),A2P2NJ,USA,0BF1,WIMI,Software,US97264L1008
2617,Windtree Therapeutics,-,USA,not_found,not_found,not_found,not_found
2618,Wingstop Inc.,A14UYK,USA,EWG,WING,Nahrungsmittel/Agrar,US9741551033
2619,Winmark Corp,890899,USA,EWG,WINA,Handel/E-Commerce,US9742501029
2620,Wintrust Financial Corp,908658,USA,WF2,WTFC,Finanzdienstleistungen,US97650W1080
2621,Wisdomtree Investments Inc.,A0F61X,USA,1WT,WETF,Finanzdienstleistungen,US97717P1049
2622,WISeKey International Holding Ltd. (ADRs),A2P7Y5,USA,2WKA,2WKA.F,IT-Dienstleistungen,US97727L2007
2623,Wix.com Ltd.,A1W7AU,USA,W1X,WIX,Internet,IL0011301780
2624,Woodward Inc.,919406,USA,WW1,WWD,Sonstige Technologie,US9807451037
2625,Workday Inc.,A1J39P,USA,W7D,WDAY,Software,US98138H1014
2626,Workhorse Group Inc.,A2AC97,USA,1WO,WKHS,Fahrzeuge,US98138J2069
2627,World Acceptance Corp.,892493,USA,WOA,WRLD,Finanzdienstleistungen,US9814191048
2628,WSFS Financial Corp,878178,USA,WF4,WSFS,Finanzdienstleistungen,US9293281021
2629,Wunong Net Technology Company Limited,A2QK9T,USA,not_found,WSFS,Finanzdienstleistungen,US9293281021
2630,WVS Financial Corp,923571,USA,,WVFC,Finanzdienstleistungen,US9293581099
2631,WW International Inc.,A2PSZQ,USA,WW6,WW,Freizeitprodukte,US98262P1012
2632,Wynn Resorts Ltd.,663244,USA,WYR,WYNN,Hotels/Tourismus,US9831341071
2633,X4 Pharmaceuticals Inc,A2PFVY,USA,48Q,XFOR,Biotechnologie,US98420X1037
2634,XBiotech Inc.,A14QF1,USA,4XB,XBIT,Biotechnologie,CA98400H1029
2635,Xcel Brands,A1JNDH,USA,not_found,XBIT,Biotechnologie,CA98400H1029
2636,Xcel Energy Inc.,855009,USA,NRN,XEL,Versorger,US98389B1008
2637,Xencor Inc.,A1W96L,USA,XE9,XNCR,Biotechnologie,US98401F1057
2638,Xenetic Biosciences Inc.,A2PMYU,USA,3XB,XBIO,Biotechnologie,US9840155033
2639,Xenon Pharmaceuticals Inc.,A12ETN,USA,XP0,XENE,Biotechnologie,CA98420N1050
2640,"Xeris Pharmaceuticals, Inc.",A2JPE9,USA,not_found,XENE,Biotechnologie,CA98420N1050
2641,Xilinx Inc.,880135,USA,not_found,XENE,Biotechnologie,CA98420N1050
2642,Xoma Corp.,A2ATUH,USA,X0M1,XOMA,Biotechnologie,US98419J2069
2643,XP Inc.,A2PWSC,USA,XP9,XP,Finanzdienstleistungen,KYG982391099
2644,XPEL,A2PN36,USA,XPX,XPEL,Fahrzeuge,US98379L1008
2645,Xperi Holding Corp.,A2P553,USA,4YG,XPER,Software,US98390M1036
2646,XpresSpa Group Inc.,A2P6RK,USA,V9G,XSPA,Software,US98420U7037
2647,XTL Biopharmaceuticals Ltd. (ADRs),A2DK34,USA,H2K2,H2K2.F,Biotechnologie,US98386D3070
2648,Xunlei Ltd. (ADRs),A1JJL2,USA,4XN,XNET,Internet,US98419E1082
2649,Yandex N.V.,A1JGSL,USA,YDX,YNDX,Internet,NL0009805522
2650,Yatra Online Inc.,A2DJKF,USA,26Y,YTRA,Internet,KYG983381099
2651,Yellow Corp.,A2QN3E,USA,YEL,YELL,Logistik/Transport,US9855101062
2652,Yield10 Bioscience Inc.,A2PYHH,USA,M6X3,YTEN,Chemie,US98585K8624
2653,York Water Co.,603050,USA,YWA,YORW,Versorger,US9871841089
2654,Yumanity Therapeutics Inc.,A2QJX3,USA,8IY,YMTX,Biotechnologie,US98872L1026
2655,Yunhong CTI Ltd.,A2P1UP,USA,VCT,CTIB,Kunststoffe/Verpackungen,US98873Q1004
2656,Zafgen Inc.,A2P5PP,USA,ZA71,LRMR,Biotechnologie,US5171251003
2657,Zai Lab Ltd. (ADRs),A2DX1V,USA,1ZL,ZLAB,Biotechnologie,US98887Q1040
2658,Zanite Acquisition Corp,A2QHQ2,USA,not_found,ZLAB,Biotechnologie,US98887Q1040
2659,Zealand Pharma A/S,A2DV1V,USA,22ZA,ZEAL,Pharma,US98920Y3045
2660,Zebra Technologies Corp.,882578,USA,ZT1A,ZBRA,Sonstige Technologie,US9892071054
2661,Zillow Group Inc.,A14NX6,USA,0ZG,ZG,Internet,US98954M1018
2662,Zillow Group Inc. (C),A14XZY,USA,0ZG2,Z,Internet,US98954M2008
2663,ZIONS BANCORPORATION,856942,USA,ZB1,ZION,Finanzdienstleistungen,US9897011071
2664,Zions Bancorporation NA,-,USA,not_found,not_found,not_found,not_found
2665,ZK International Group Co Ltd,-,USA,not_found,not_found,not_found,not_found
2666,Zogenix Inc.,A14V7E,USA,Z081,ZGNX,Pharma,US98978L2043
2667,Zoom Video Communications Inc.,A2PGJ2,USA,5ZM,ZM,Software,US98980L1017
2668,ZoomInfo Technologies,-,USA,not_found,not_found,not_found,not_found
2669,Zosano Pharma Corp.,A2JSFT,USA,0ZPN,ZSAN,Biotechnologie,US98979H2022
2670,Zovio Inc.,A2PHD1,USA,0BD,ZVO,Dienstleistungen,US98979V1026
2671,Zscaler Inc.,A2JF28,USA,0ZC,ZS,Software,US98980G1022
2672,Zumiez Inc.,A0EATL,USA,ZM3,ZUMZ,Handel/E-Commerce,US9898171015
2673,Zynerba Pharmaceuticals Inc.,A14XCV,USA,6ZY,ZYNE,Pharma,US98986X1090
2674,Zynex,A0Q5XP,USA,not_found,ZYXI,Gesundheitswesen,US98986M1036
2675,Zynga Inc.,A1JMFQ,USA,ZY3,ZNGA,Unterhaltung,US98986T1088
2676,Snap Inc.,A2DLMS,SNAP,SNAP,Internet,US83304A1060,
