,name,wkn,index,de_ticker,ticker,industry,ISIN
0,3D Systems Corp,888346,USA,SYV,DDD,Hardware,US88554D2053
1,3M Company,851745,USA,MMM,MMM,Konsumgüter,US88579Y1010
2,A10 Networks,A1XEYC,USA,8A0,ATEN,Netzwerktechnik,US0021211018
3,AAR Corp,862821,USA,ARZ,AIR,Dienstleistungen,US0003611052
4,ABB Ltd,675089,USA,ABJA,ABB,Elektrotechnologie,US0003752047
5,Abbott Laboratories,850103,USA,ABL,ABT,Pharma,US0028241000
6,ABBVIE,A1J84E,USA,4AB,ABBV,Pharma,US00287Y1091
7,Abercrombie & Fitch Co,903016,USA,AFT,ANF,Bekleidung/Textil,US0028962076
8,ABM Industries,857218,USA,AB4,ABM,Dienstleistungen,US0009571003
9,Acadia Realty Trust,985331,USA,WX1,AKR,Immobilien,US0042391096
10,Accenture PLC,A0YAQA,USA,CSA,ACN,IT-Dienstleistungen,IE00B4BNMY34
11,Acco Brands Corp,A0F7D1,USA,A3B,ACCO,Konsumgüter,US00081T1088
12,Acuity Brands,813307,USA,AQ8,AYI,Bau/Infrastruktur,US00508Y1029
13,Adecoagro SA,A1H63F,USA,ACD,AGRO,Nahrungsmittel/Agrar,LU0584671464
14,Advance Auto Parts,982516,USA,AWN,AAP,Fahrzeuge,US00751Y1064
15,Advanced Drainage Systems,A117FL,USA,6DA,WMS,Bau/Infrastruktur,US00790R1041
16,Advantest Corp.,A0KE8F,USA,VANA,ATEYY,Elektrotechnologie,US00762U2006
17,Aecom,A0MMEV,USA,E6Z,ACM,Dienstleistungen,US00766T1007
18,Aegon NV,873131,USA,AENF,AEG,Finanzdienstleistungen,US0079241032
19,Aercap Holdings NV,A0LFB3,USA,R1D,AER,Luftfahrt/Rüstung,NL0000687663
20,Aerojet Rocketdyne Holdings,A14RBW,USA,GCY,AJRD,Sonstige Technologie,US0078001056
21,AES Corp,882177,USA,AES,AES,Versorger,US00130H1059
22,Affiliated Managers Group,910682,USA,AFS,AMG,Finanzdienstleistungen,US0082521081
23,Aflac,853081,USA,AFL,AFL,Finanzdienstleistungen,US0010551028
24,AG Mortgage Investment Trust,A1JLMZ,USA,not_found,not_found,not_found,not_found
25,AGCO Corp,888282,USA,AGJ,AGCO,Fahrzeuge,US0010841023
26,Agilent Technologies,929138,USA,AG8,A,Elektrotechnologie,US00846U1016
27,Agnico Eagle Mines Ltd,860325,USA,AE9,AEM,Rohstoffe,CA0084741085
28,Agree Realty Corp,890700,USA,AGL,ADC,Immobilien,US0084921008
29,Air Lease Corp,A1H92R,USA,AVLA,AL,Luftfahrt/Rüstung,US00912X3026
30,Air Products & Chemicals,854912,USA,AP3,APD,Chemie,US0091581068
31,Alamo Group,886106,USA,AL3,ALG,Maschinenbau,US0113111076
32,Alaska Air Group,869843,USA,ALK,ALK,Luftfahrt/Rüstung,US0116591092
33,Albany International Corp,874315,USA,AII,AIN,Sonstige Technologie,US0123481089
34,Albemarle Corp,890167,USA,AMC,ALB,Chemie,US0126531013
35,Alexander & Baldwin,A1J0RZ,USA,ABU,ALEX,Immobilien,US0144911049
36,Alexander's,857899,USA,AXE,ALX,Immobilien,US0147521092
37,Alexandria Real Estate Equities,907179,USA,A6W,ARE,Immobilien,US0152711091
38,Alibaba Group Holding Limited,A117ME,USA,AHLA,BABA,Handel/E-Commerce,US01609W1027
39,Alleghany Corp,872718,USA,AGA,Y,Finanzdienstleistungen,US0171751003
40,Allegheny Technologies,931083,USA,ATD,ATI,Eisen/Stahl,US01741R1023
41,Allegion Public Limited,A1W869,USA,60A,ALLE,Sonstige Technologie,IE00BFRT3W74
42,ALLETE,A0DJ2T,USA,AEBA,ALE,Versorger,US0185223007
43,Alliance Data Systems Corp,934251,USA,LID,ADS,Dienstleistungen,US0185811082
44,AllianceBernstein Holding LP,A0JEGN,USA,,AB,Finanzdienstleistungen,US01881G1067
45,Alliant Energy Corp,855870,USA,AY1,LNT,Versorger,US0188021085
46,Allison Transmission Holdings,A1JGSV,USA,1A7,ALSN,Maschinenbau,US01973R1014
47,Allstate Corp (The),886429,USA,ALS,ALL,Finanzdienstleistungen,US0200021014
48,Ally Financial,A1W2MF,USA,GMZ,ALLY,Finanzdienstleistungen,US02005N1000
49,Altria Group,200417,USA,PHM7,MO,Getränke/Tabak,US02209S1033
50,Alum Corp,982495,USA,AOCA,ACH,Rohstoffe,US0222761092
51,Ambev SA,A1W749,USA,AMNA,AMNA.F,Getränke/Tabak,US02319V1035
52,AMC Entertainment Holdings,A1W90H,USA,AH9,AMC,Unterhaltung,US00165C1045
53,Ameren Corp,911535,USA,AE4,AEE,Versorger,US0236081024
54,Ameresco,A1C2FD,USA,4AM,AMRC,Dienstleistungen,US02361E1082
55,America Movil SAB de CV,603115,USA,MV9L,AMX,Telekom,US02364W1053
56,American Assets Trust,A1H59V,USA,not_found,AAT,Immobilien,US0240131047
57,American Axle & Manufacturing Holdings,918692,USA,AYA,AXL,Fahrzeuge,US0240611030
58,American Campus Communities,A0B7TP,USA,FGA,ACC,Immobilien,US0248351001
59,American Eagle Outfitters,897113,USA,AFG,AEO,Bekleidung/Textil,US02553E1064
60,American Electric Power Company,850222,USA,AEP,AEP,Versorger,US0255371017
61,American Equity Investment Life Holding Company,914349,USA,AM5,AEL,Finanzdienstleistungen,US0256762065
62,American Express Company,850226,USA,AEC1,AXP,Finanzdienstleistungen,US0258161092
63,American Financial Group,894969,USA,QFI,AFG,Finanzdienstleistungen,US0259321042
64,American Homes 4 Rent,A1W3P0,USA,A4XA,AMH,Immobilien,US02665T3068
65,American International Group,A0X88Z,USA,AINN,AIG,Finanzdienstleistungen,US0268747849
66,American Realty Investors,541936,USA,not_found,not_found,not_found,not_found
67,American States Water Company,881720,USA,FDK,AWR,Dienstleistungen,US0298991011
68,American Tower Corp,A1JRLA,USA,A0T,AMT,Immobilien,US03027X1000
69,American Vanguard Corp,675543,USA,AVJ,AVD,Chemie,US0303711081
70,American Water Works Company,A0NJ38,USA,AWC,AWK,Versorger,US0304201033
71,Ameriprise Financial,A0F55S,USA,A4S,AMP,Finanzdienstleistungen,US03076C1062
72,AmerisourceBergen Corp,766149,USA,ABG,ABC,Dienstleistungen,US03073E1055
73,Ametek,908668,USA,AK1,AME,Elektrotechnologie,US0311001004
74,AMN Healthcare Services,798185,USA,HCQ,AMN,Gesundheitswesen,US0017441017
75,Ampco-Pittsburgh Corp,852259,USA,,AP,Eisen/Stahl,US0320371034
76,Amphenol Corp,882749,USA,XPH,APH,Elektrotechnologie,US0320951017
77,AMREP Corp,856767,USA,not_found,not_found,not_found,not_found
78,AngloGold Ashanti Limited,915102,USA,AOD,AU,Rohstoffe,US0351282068
79,Anheuser-Busch INBEV SA/NV,A0N916,USA,ITKA,BUD,Getränke/Tabak,US03524A1088
80,Annaly Capital Management,909823,USA,AAY,NLY,Finanzdienstleistungen,US0357104092
81,ANTERO RESOURCES Corp,A1W4U4,USA,7A6,AR,Öl/Gas,US03674X1063
82,ANTHEM,A12FMV,USA,A58,ANTM,Gesundheitswesen,US0367521038
83,AO Smith Corp,868323,USA,3SM,AOS,Maschinenbau,US8318652091
84,APA Corp,857530,USA,not_found,not_found,not_found,not_found
85,Apollo Commercial Real Estate Finance,A0YA4B,USA,9A1,ARI,Finanzdienstleistungen,US03762U1051
86,Applied Industrial Technologies,861210,USA,AT4,AIT,Handel/E-Commerce,US03820C1053
87,AptarGroup,886413,USA,AGT,ATR,Kunststoffe/Verpackungen,US0383361039
88,Aptiv PLC,A1JPLB,USA,D7A,APTV,Fahrzeuge,JE00B783TY65
89,ARAMARK,A1W92R,USA,0AK,ARMK,Dienstleistungen,US03852U1060
90,Arbor Realty Trust,A0CAPU,USA,OWQ,ABR,Immobilien,US0389231087
91,ARC Document Solutions,A1KA8Z,USA,BK1,ARC,Dienstleistungen,US00191G1031
92,Archer Daniels Midland Company,854161,USA,ADM,ADM,Getränke/Tabak,US0394831020
93,Arcos Dorados Holdings,A1H9NG,USA,AD8,ARCO,Nahrungsmittel/Agrar,VGG0457F1071
94,ARDMORE SHIPPING Corp,A1W4G1,USA,A61,ASC,Logistik/Transport,MHY0207T1001
95,Ares Commercial Real Estate Corp,A1J0GG,USA,41I,ACRE,Immobilien,US04013V1089
96,Argan,784598,USA,1AW,AGX,Bau/Infrastruktur,US04010E1091
97,Arista Networks,A11099,USA,117,ANET,Netzwerktechnik,US0404131064
98,Armada Hoffler Properties,A1WY9H,USA,791,AHH,Immobilien,US04208T1088
99,Armstrong World Industries,A0LCJG,USA,91A,AWI,Bau/Infrastruktur,US04247X1028
100,Arrow Electronics,855225,USA,ARW,ARW,IT-Dienstleistungen,US0427351004
101,Arthur J Gallagher & Co,869761,USA,GAH,AJG,Finanzdienstleistungen,US3635761097
102,Artisan Partners Asset Management,A1JU4Y,USA,AP0,APAM,Finanzdienstleistungen,US04316A1088
103,ASA Gold and Precious Metals Limited,A0DLN4,USA,FZ6,ASA,Finanzdienstleistungen,BMG3156P1032
104,Asbury Automotive Group,766687,USA,AWG,ABG,Handel/E-Commerce,US0434361046
105,Aspen Aerogels,A115KY,USA,AP1,ASPN,Bau/Infrastruktur,US04523Y1055
106,Aspen Insurance Holdings Limited,-,USA,not_found,not_found,not_found,not_found
107,Associated Banc-Corp,907145,USA,AB5,ASB,Finanzdienstleistungen,US0454871056
108,Assurant,A0BLRP,USA,ZAS,AIZ,Finanzdienstleistungen,US04621X1081
109,Assured Guaranty Ltd,A0CATL,USA,DHU,AGO,Finanzdienstleistungen,BMG0585R1060
110,AstraZeneca PLC,886715,USA,ZEGA,AZN,Pharma,US0463531089
111,AT&T,A0RM5Z,USA,PE2,TPC,Bau/Infrastruktur,US9011091082
112,AT&T,A0HL9Z,USA,SOBA,T,Telekom,US00206R1023
113,Atmos Energy Corp,868746,USA,AEO,ATO,Öl/Gas,US0495601058
114,AU Optronics Corp,621971,USA,AU7A,AUOTY,Hardware,US0022551073
115,Autohome,A1W97C,USA,8AHB,ATHM,Internet,US05278C1071
116,Autoliv,906892,USA,LIV,ALV,Fahrzeuge,US0528001094
117,AutoNation,880953,USA,RWI,AN,Handel/E-Commerce,US05329W1027
118,AutoZone,881531,USA,AZ5,AZO,Handel/E-Commerce,US0533321024
119,AvalonBay Communities,914867,USA,WV8,AVB,Immobilien,US0534841012
120,Avery Dennison Corp,850354,USA,AV3,AVY,Dienstleistungen,US0536111091
121,Avista Corp,856142,USA,AV6,AVA,Versorger,US05379B1070
122,Aviva Plc,A0YC5C,USA,GU8E,AVVIY,Finanzdienstleistungen,US05382A1043
123,Avnet,850355,USA,VNI,AVT,IT-Dienstleistungen,US0538071038
124,Axalta Coating Systems Ltd,A12EDV,USA,9AX,AXTA,Chemie,BMG0750C1082
125,Axis Capital Holders Limited,482025,USA,AXV,AXS,Finanzdienstleistungen,BMG0692U1099
126,AZZ,863132,USA,AI7,AZZ,Sonstige Technologie,US0024741045
127,B&G Foods,A0CATC,USA,DHR,BGS,Nahrungsmittel/Agrar,US05508R1068
128,Badger Meter,863871,USA,33B,BMI,Maschinenbau,US0565251081
129,Ball Corp,860408,USA,BL8,BLL,Kunststoffe/Verpackungen,US0584981064
130,Banc of California,A1W2U2,USA,FPB,BANC,Finanzdienstleistungen,US05990K1060
131,Banco Bilbao Vizcaya Argentaria SA,876152,USA,BBVA,BBVA,Finanzdienstleistungen,US05946K1016
132,Banco Bradesco SA,A0B9WE,USA,BREC,BBD,Finanzdienstleistungen,US0594603039
133,Banco Bradesco SA,A1JWED,USA,BREA,BBDO,Finanzdienstleistungen,US0594604029
134,Banco de ChileAmerican,529496,USA,G4RA,G4RA.F,Finanzdienstleistungen,US0595201064
135,Banco Latinoamericano de Comercio Exterior SA,884869,USA,D8Q,BLX,Finanzdienstleistungen,PAP169941328
136,Banco Macro SA,A0JJT4,USA,B4W,BMA,Finanzdienstleistungen,US05961W1053
137,Banco Santander (Brasil) SA,A0YBKP,USA,DBSA,DBSA.F,Finanzdienstleistungen,US05967A1079
138,Banco Santander SA,873816,USA,BSDK,SAN,Finanzdienstleistungen,US05964H1059
139,Banco Santander-Chile,904916,USA,BSA,BSAC,Finanzdienstleistungen,US05965X1090
140,Bancolombia SA,896739,USA,BXK,CIB,Finanzdienstleistungen,US05968L1026
141,Bank of America Corp,858388,USA,NCB,BAC,Finanzdienstleistungen,US0605051046
142,Bank of Hawaii Corp,875284,USA,PIV,BOH,Finanzdienstleistungen,US0625401098
143,Bank of Montreal,850386,USA,BZZ,BMO.TO,Finanzdienstleistungen,CA0636711016
144,Bank of New York Mellon Corp,A0MVKA,USA,BN9,BMO.TO,Finanzdienstleistungen,US0640581007
145,Bank of Nova Scotia,850388,USA,BKN,BMO.TO,Finanzdienstleistungen,CA0641491075
146,Bankunited,A1H51S,USA,BNU,BKU,Finanzdienstleistungen,US06652K1034
147,Barclays PLC,911762,USA,BCY2,BCS,Finanzdienstleistungen,US06738E2046
148,Barnes & Noble Education,A14WT8,USA,2BN,BNED,Handel/E-Commerce,US06777U1016
149,Barnes Group,861254,USA,BG4,B,Sonstige Technologie,US0678061096
150,BARRACUDA NETWORKS DL-001,A1W6GG,USA,,not_found,Netzwerktechnik,US0683231049
151,Barrick Gold Corp,870450,USA,ABR,ABX.TO,Rohstoffe,CA0679011084
152,Baxter International,853815,USA,BTL,BAX,Gesundheitswesen,US0718131099
153,Baytex Energy Corp,A1H5TA,USA,B5X,BTE.TO,Öl/Gas,CA07317Q1054
154,BCE,A0J3LN,USA,BCE1,BCE.TO,Telekom,CA05534B7604
155,Beazer Homes USA,A1J51W,USA,BE4A,BZH,Bau/Infrastruktur,US07556Q8814
156,Becton Dickinson and Co,857675,USA,BOX,BDX,Gesundheitswesen,US0758871091
157,Belden,A0B8CA,USA,QCTA,BDC,Elektrotechnologie,US0774541066
158,Benchmark Electronics,885906,USA,BMU,BHE,Elektrotechnologie,US08160H1014
159,Berkshire Hathaway,854075,USA,BRH,BRK-A,Finanzdienstleistungen,US0846701086
160,Berkshire Hathaway,A0YJQ2,USA,BRYN,BRK-B,Finanzdienstleistungen,US0846707026
161,Berkshire Hills Bancorp,676594,USA,4I9,BHLB,Finanzdienstleistungen,US0846801076
162,Berry Global Group,A1J4U3,USA,BP0,BERY,Kunststoffe/Verpackungen,US08579W1036
163,Best Buy Company,873629,USA,BUY,BBY,Handel/E-Commerce,US0865161014
164,BHP Group Limited,863578,USA,BHP,BHP,Rohstoffe,US0886061086
165,BHP Group Plc,909062,USA,BIL1,BBL,Rohstoffe,US05545E2090
166,Big Lots,869884,USA,4B3,BIG,Handel/E-Commerce,US0893021032
167,Bio-Rad Laboratories,862449,USA,BUW,BIO-B,Biotechnologie,US0905721082
168,Bio-Rad Laboratories IncClass A,865406,USA,BUWA,BIO,Biotechnologie,US0905722072
169,Bitauto Holdings Limited,A1C89E,USA,,not_found,Internet,US0917271076
170,Black Hills Corp,867434,USA,BHI,BKH,Versorger,US0921131092
171,Blackrock,928193,USA,BLQA,BLK,Finanzdienstleistungen,US09247X1019
172,Blackstone Mortgage Trust,A1T90Y,USA,079A,BXMT,Finanzdienstleistungen,US09257W1009
173,Boeing Company,850471,USA,BCO,BA,Luftfahrt/Rüstung,US0970231058
174,Boise Cascade Company,A1KCND,USA,BC0,BCC,Bau/Infrastruktur,US09739D1000
175,Boot Barn Holdings,A12EFD,USA,OBB,BOOT,Handel/E-Commerce,US0994061002
176,Booz Allen Hamilton Holding Corp,A1C599,USA,BZ9,BAH,Dienstleistungen,US0995021062
177,BorgWarner,887320,USA,BGW,BWA,Fahrzeuge,US0997241064
178,Boston Beer Company,898161,USA,BBEA,SAM,Getränke/Tabak,US1005571070
179,Boston Properties,907550,USA,BO9,BXP,Finanzdienstleistungen,US1011211018
180,Boston Scientific Corp,884113,USA,BSX,BSX,Gesundheitswesen,US1011371077
181,BOX,A110YG,USA,3BX,BOX,Internet,US10316T1043
182,Boyd Gaming Corp,896499,USA,BO5,BYD,Unterhaltung,US1033041013
183,BP plc,850518,USA,BSU,BP,Öl/Gas,US0556221044
184,BP Prudhoe Bay Royalty Trust,985301,USA,BMI,BPT,Finanzdienstleistungen,US0556301077
185,Brady Corp,900104,USA,BRV,BRC,Sonstige Technologie,US1046741062
186,Brandywine Realty Trust,875818,USA,B2X,BDN,Immobilien,US1053682035
187,BrasilAgro - Companhia Brasileira de Propriedades Agricolas,A1C6JK,USA,52BA,52BA.F,Nahrungsmittel/Agrar,US10554B1044
188,Braskem SA,896191,USA,BRD,BRD.F,Chemie,US1055321053
189,BRF - Brasil Foods SA,A0N9BM,USA,P5Y,BRFSN.MX,Nahrungsmittel/Agrar,US10552T1079
190,Bright Horizons Family Solutions,A1KB0K,USA,BHA,BFAM,Dienstleistungen,US1091941005
191,Brink's Company (The),264748,USA,PTY,BCO,Dienstleistungen,US1096961040
192,Brinker International,881396,USA,BKJ,EAT,Nahrungsmittel/Agrar,US1096411004
193,Bristol-Myers Squibb Co,850501,USA,BRM,BMY,Pharma,US1101221083
194,Brixmor Property Group,A1W514,USA,BXR,BRX,Immobilien,US11120U1051
195,Broadridge Financial Solutions,A0MMP1,USA,5B9,BR,Finanzdienstleistungen,US11133T1034
196,Brookdale Senior Living,A0HL7W,USA,B7S,BKD,Immobilien,US1124631045
197,Brookfield Asset Management,A0HNRY,USA,BKAA,BAM-A.TO,Finanzdienstleistungen,CA1125851040
198,Brookfield Infrastructure Partners LP,A0M74Z,USA,not_found,BIP,Versorger,BMG162521014
199,Brookfield Renewable Partners LP,A1JQFZ,USA,not_found,not_found,not_found,not_found
200,Brown & Brown,896895,USA,BTW,BRO,Finanzdienstleistungen,US1152361010
201,Brown-Forman Corp,850530,USA,BF5A,BF-A,Getränke/Tabak,US1156371007
202,Brown-Forman Corp,856693,USA,BF5B,BF-B,Getränke/Tabak,US1156372096
203,BRT Apartments Corp,985178,USA,WWA,BRT,Immobilien,US0556453035
204,Brunswick Corp,850531,USA,BWI,BC,Freizeitprodukte,US1170431092
205,Buckle (The),884929,USA,BK2,BKE,Handel/E-Commerce,US1184401065
206,Build-A-Bear Workshop,A0DK8F,USA,FPW,BBW,Konsumgüter,US1200761047
207,Bunge Limited,762269,USA,BU3,BG,Nahrungsmittel/Agrar,BMG169621056
208,Burlington Stores,A1W54Y,USA,BUI,BURL,Handel/E-Commerce,US1220171060
209,BWX Technologies,A14V4U,USA,4BW,BWXT,Maschinenbau,US05605H1005
210,C3ai,A0YBXE,USA,FRM2,AAIC,Finanzdienstleistungen,US0413562051
211,Cable One,A14UKB,USA,XC1,CABO,Telekom,US12685J1051
212,Cabot Corp,856744,USA,CBT,CBT,Chemie,US1270551013
213,Cabot Oil & Gas Corp,881646,USA,XCQ,CTRA,Öl/Gas,US1270971039
214,Caci International CLA,906006,USA,CA8A,CACI,Internet,US1271903049
215,CAE,854167,USA,CE9,CAE.TO,Luftfahrt/Rüstung,CA1247651088
216,Caleres,A14T37,USA,BRP,CAL,Bekleidung/Textil,US1295001044
217,California Water Service,850556,USA,WT5,CWT,Versorger,US1307881029
218,CALIX,A1CVEW,USA,CXA,CALX,Netzwerktechnik,US13100M5094
219,Callaway Golf Company,883644,USA,CLY,ELY,Freizeitprodukte,US1311931042
220,Camden Property Trust,985335,USA,CAL,CPT,Immobilien,US1331311027
221,Cameco Corp,882017,USA,CJ6,CCO.TO,Rohstoffe,CA13321L1085
222,Campbell Soup Company,850561,USA,CSC,CPB,Nahrungsmittel/Agrar,US1344291091
223,Canadian Imperial Bank of Commerce,850576,USA,CAI,CM.TO,Finanzdienstleistungen,CA1360691010
224,Canadian National Railway,897879,USA,CY2,CNR.TO,Logistik/Transport,CA1363751027
225,Canadian Natural Resources Limited,865114,USA,CRC,CNQ.TO,Rohstoffe,CA1363851017
226,Canadian Pacific Railway,798292,USA,PC8,CP.TO,Logistik/Transport,CA13645T1003
227,Canon,866490,USA,CNNA,CAJ,Sonstige Technologie,US1380063099
228,Capital One Financial,893413,USA,CFX,COF,Finanzdienstleistungen,US14040H1059
229,Capstead Mortgage Corp,872385,USA,not_found,not_found,not_found,not_found
230,Capstead Mortgage Corp,A110TA,USA,not_found,not_found,not_found,not_found
231,Cardinal Health,880206,USA,CLH,CAH,Gesundheitswesen,US14149Y1082
232,CARE.COM,A1XB98,USA,not_found,not_found,not_found,not_found
233,Carlisle Companies,871884,USA,CLE,CSL,Industrie/Mischkonzerne,US1423391002
234,CarMax,662604,USA,XA4,KMX,Handel/E-Commerce,US1431301027
235,Carnival Corp,120100,USA,CVC1,CCL,Hotels/Tourismus,PA1436583006
236,Carnival PLC,264713,USA,POH3,CUK,Hotels/Tourismus,US14365C1036
237,Carpenter Technology Corp,858605,USA,XTY,CRS,Eisen/Stahl,US1442851036
238,Carriage Services,902313,USA,C57,CSV,Dienstleistungen,US1439051079
239,Carter's,777514,USA,HCH,CRI,Bekleidung/Textil,US1462291097
240,Castlight Health,A1XEPE,USA,109,CSLT,Software,US14862Q1004
241,CATALENT,A112H2,USA,0C8,CTLT,Pharma,US1488061029
242,Catchmark Timber Trust,A110ZX,USA,6F7,CTT,Immobilien,US14912Y2028
243,Caterpillar,850598,USA,CAT1,CAT,Maschinenbau,US1491231015
244,CATO Corp,881902,USA,CO2A,CATO,Handel/E-Commerce,US1492051065
245,CBIZ,A0F5F5,USA,XC4,CBZ,Dienstleistungen,US1248051021
246,Cbre Group,A1JLYH,USA,RF6,CBRE,Immobilien,US12504L1098
247,Cedar Fair LP,876729,USA,,FUN,Hotels/Tourismus,US1501851067
248,Cedar Realty Trust,-,USA,not_found,not_found,not_found,not_found
249,"Celadon Group, Inc.",889409,USA,CG2,CGIP,Logistik/Transport,US1508381001
250,Celanese Corp,A0DP2A,USA,DG3,CE,Chemie,US1508701034
251,Celestica,914782,USA,CTW,CLS.TO,Elektrotechnologie,CA15101Q1081
252,Cellcom Israel Ltd,A0MKP2,USA,F5U,CEL.TA,Telekom,IL0011015349
253,Cemex SAB de CV,925905,USA,CEXA,CX,Bau/Infrastruktur,US1512908898
254,Cenovus Energy,A0YD8C,USA,CXD,CVE.TO,Öl/Gas,CA15135U1093
255,Centene Corp,766458,USA,QEN,CNC,Gesundheitswesen,US15135B1017
256,CenterPoint Energy,854566,USA,HOU,CNP,Versorger,US15189T1079
257,Centrais Eletricas Brasileiras SA- Eletrobras,901849,USA,L3XC,EBR-B,Versorger,US15234Q1085
258,Centrais Eletricas Brasileiras SA- Eletrobras,903460,USA,L3XB,EBR,Versorger,US15234Q2075
259,Central Pacific Financial Corp,A1H60J,USA,XCP1,CPF,Finanzdienstleistungen,US1547604090
260,Century Communities,A114W9,USA,CCT,CCS,Bau/Infrastruktur,US1565043007
261,CenturyLink,866405,USA,not_found,not_found,not_found,not_found
262,CF Industries Holding,A0ES9N,USA,C4F,CF,Chemie,US1252691001
263,CHANNELADVISOR Corp,A1T84J,USA,CDL,ECOM,Software,US1591791009
264,Charles River Laboratories International,939391,USA,RV6,CRL,Pharma,US1598641074
265,Charles Schwab Corp (The),874171,USA,SWG,SCHW,Finanzdienstleistungen,US8085131055
266,Chatham Lodging Trust,A1CW27,USA,not_found,CLDT,Immobilien,US16208T1025
267,Cheetah Mobile,A113JY,USA,0C9A,CMCM,Software,US1630751048
268,CHEGG,A1W4ER,USA,0CG,CHGG,Dienstleistungen,US1630921096
269,Chemed Corp,A0CBF4,USA,CXM,CHE,Gesundheitswesen,US16359R1032
270,Chevron Corp,852552,USA,CHV,CVX,Öl/Gas,US1667641005
271,CHICAGO BRIDGE+IR. EO-01,693235,USA,not_found,not_found,not_found,not_found
272,Chicos FAS,907418,USA,YC8,CHS,Bekleidung/Textil,US1686151028
273,China Eastern Airlines,905284,USA,CIA,CEA,Luftfahrt/Rüstung,US16937R1041
274,China Life Insurance Company Ltd,A0BKRY,USA,CLF,LFC,Finanzdienstleistungen,US16939P1066
275,CHINA PETROLEUM & CHEMICAL Corp,578971,USA,CHUA,SNP,Öl/Gas,US16941R1086
276,China Southern Airlines Company Limited,907982,USA,ZNH,ZNH.F,Luftfahrt/Rüstung,US1694091091
277,CHINA TELECOM H YC 1,A0M4XS,USA,ZCH,0728.HK,Telekom,CNE1000002V2
278,China Yuchai International Ltd,893697,USA,CYD,CYD,Fahrzeuge,BMG210821051
279,Chipotle Mexican Grill,A0ESP5,USA,C9F,CMG,Nahrungsmittel/Agrar,US1696561059
280,Choice Hotels Intnl,915916,USA,CZH,CHH,Hotels/Tourismus,US1699051066
281,Chubb Limited,A0Q636,USA,AEX,CB,Finanzdienstleistungen,CH0044328745
282,CHUNGHWA TELECOM CO Ltd,A1H4PX,USA,CHWD,CHT,Telekom,US17133Q5027
283,Church & Dwight Co,864371,USA,CXU,CHD,Konsumgüter,US1713401024
284,Ciena Corp,A0LDA7,USA,CIE1,CIEN,Telekom,US1717793095
285,Cinemark Holdings,A0MK44,USA,ZZA,CNK,Unterhaltung,US17243V1026
286,CIRCOR International,929260,USA,CCI,CIR,Maschinenbau,US17273K1097
287,CIT Group,A0YGL2,USA,not_found,not_found,not_found,not_found
288,Citigroup,899500,USA,CH5,CPK,Versorger,US1653031088
289,Citigroup,A1H92V,USA,TRVC,C,Finanzdienstleistungen,US1729674242
290,Citizens,694147,USA,YCX,CIA,Finanzdienstleistungen,US1747401008
291,Citizens Financial Group,A12BD3,USA,1C5,CFG,Finanzdienstleistungen,US1746101054
292,City Office Reit,A12E4P,USA,5QV,CIO,Immobilien,US1785871013
293,Clean Harbors,876514,USA,CH6,CLH,Biotechnologie,US1844961078
294,Clearwater Paper Corp,A0RDWM,USA,5WC,CLW,Holz/Papier,US18538R1032
295,CLIFFS NATURAL RES,A0RBDY,USA,not_found,not_found,not_found,not_found
296,Clorox Company,856678,USA,CXX,CLX,Kosmetik,US1890541097
297,Cloud Peak Energy Inc,A0YERN,USA,,not_found,Rohstoffe,US18911Q1022
298,CMS Energy Corp,850795,USA,CSG,CMS,Versorger,US1258961002
299,CNA Financial Corp,856402,USA,CNH,CNA,Finanzdienstleistungen,US1261171003
300,CNH Industrial NV,A1W599,USA,37C,CNHI,Industrie/Mischkonzerne,NL0010545661
301,CNO Financial Group,A1CYFY,USA,COS,CNO,Finanzdienstleistungen,US12621E1038
302,CNOOC Limited,631636,USA,NC2A,not_found,Öl/Gas,US1261321095
303,Coca-Cola Company,850663,USA,CCC3,KO,Getränke/Tabak,US1912161007
304,Coca-Cola FEMSA SAB DE CV,887811,USA,CFSL,KOF,Getränke/Tabak,US1912411089
305,Coeur Mining,A0RNL2,USA,CDM1,CDE,Rohstoffe,US1921085049
306,Cohen & Steers,A0B7TN,USA,FG9,CNS,Finanzdienstleistungen,US19247A1007
307,Colfax Corp,A0MVPD,USA,C52,CFX,Maschinenbau,US1940141062
308,Colgate-Palmolive Company,850667,USA,CPA,CL,Konsumgüter,US1941621039
309,Columbia Property Trust,A1XBGJ,USA,,not_found,Immobilien,US1982872038
310,Comerica,864861,USA,CA3,CMA,Finanzdienstleistungen,US2003401070
311,Comfort Systems USA,907784,USA,9CF,FIX,Dienstleistungen,US1999081045
312,Commercial Metals Company,855786,USA,CMS,CMC,Eisen/Stahl,US2017231034
313,Community Bank System,896709,USA,CBY,CBU,Finanzdienstleistungen,US2036071064
314,Community Health Systems,939156,USA,CG5,CYH,Gesundheitswesen,US2036681086
315,Community Healthcare Trust,A142P1,USA,4U9,CHCT,Immobilien,US20369C1062
316,Companhia DE Saneamento B Sico DO Estado DE SAO Paulo-Sabesp Ads's,621975,USA,SAJA,SBS,Dienstleistungen,US20441A1025
317,Companhia Energetica De Minas Gerais-CEMIG,895236,USA,CID,CIGN.MX,Versorger,US2044096012
318,Companhia Energetica De Minas Gerais-CEMIG,A0YDQJ,USA,CIDS,CIG-C,Versorger,US2044098828
319,Companhia Siderurgica Nacional SA,907167,USA,CQWA,SID,Eisen/Stahl,US20440W1053
320,Compania Cervecerias Unidas SA,885057,USA,CVU,CVU.F,Getränke/Tabak,US2044291043
321,Compania de Minas Buenaventura SA,900844,USA,MBU,not_found,Rohstoffe,US2044481040
322,Compass Diversified,A0JMWA,USA,5CX,CODI,Finanzdienstleistungen,US20451Q1040
323,Compass Minerals International,A0BKZZ,USA,CM8,CMP,Rohstoffe,US20451N1019
324,Conagra Brands,861259,USA,CAO,CAG,Nahrungsmittel/Agrar,US2058871029
325,Concord Medical Services Holding Limited,A0YF3D,USA,C2CA,CCM,Gesundheitswesen,US2062771058
326,ConocoPhillips,575302,USA,YCP,COP,Öl/Gas,US20825C1045
327,Consolidated Edison,911563,USA,EDC,ED,Elektrotechnologie,US2091151041
328,Constellation Brands,871918,USA,CB1A,STZ,Getränke/Tabak,US21036P1084
329,Constellation Brands,871887,USA,CB1B,STZ-B,Getränke/Tabak,US21036P2074
330,Consumers Energy Company $4.50 Cumulative Preferred,A0YDQL,USA,not_found,not_found,not_found,not_found
331,Continental Resources,A0MQ12,USA,C5L,CLR,Öl/Gas,US2120151012
332,CONTROLADORA VUELA COMPAniA DE AVIACIoN SAB DE CV,A1W5BG,USA,2CDA,2CDA.F,Luftfahrt/Rüstung,US21240E1055
333,Cooper Companies (The),867409,USA,CP6,COO,Gesundheitswesen,US2166484020
334,Cooper-Standard Automotive,A1H5BU,USA,C31,CPS,Fahrzeuge,US21676P1030
335,Copa Holdings SA,A0H1Q1,USA,C2H,CPA,Luftfahrt/Rüstung,PAP310761054
336,Core Laboratories NV,897269,USA,CEI,CLB,Öl/Gas,NL0000200384
337,Coresite Realty Corp,A1C3R4,USA,not_found,not_found,not_found,not_found
338,Corning,850808,USA,GLW,GLW,Industrie/Mischkonzerne,US2193501051
339,Corporate Office Properties Trust,913833,USA,WX7,OFC,Immobilien,US22002T1088
340,Corrections Corp. of America,785392,USA,not_found,not_found,not_found,not_found
341,Costamare,A1C8A6,USA,LCM,CMRE,Logistik/Transport,MHY1771G1026
342,COTY,A1WY6X,USA,CO3A,COTY,Kosmetik,US2220702037
343,Covanta Holding Corp,A0F60S,USA,not_found,not_found,not_found,not_found
344,Crane Company,850819,USA,CZN,CR,Industrie/Mischkonzerne,US2243991054
345,Crawford & Company,938270,USA,CWK0,CRD-A,Finanzdienstleistungen,US2246332066
346,Crawford & Company,884741,USA,CWK,CRD-B,Finanzdienstleistungen,US2246331076
347,CRED.SUISSE GRP NA SF-04,876800,USA,CSX,CSGN.SW,Finanzdienstleistungen,CH0012138530
348,Credicorp Ltd,899417,USA,D8V,BAP,Finanzdienstleistungen,BMG2519Y1084
349,Credit Enhanced Corts Trust,A0YDRF,USA,not_found,not_found,not_found,not_found
350,Credit Suisse Group,911778,USA,CSX1,CSX1.F,Finanzdienstleistungen,US2254011081
351,CRESCENT POINT ENERGY Corp,A0NDGG,USA,016,CPG.TO,Öl/Gas,CA22576C1014
352,CRH Public Limited,923944,USA,XCRA,CRH,Bau/Infrastruktur,US12626K2033
353,Cross Timbers Royalty Trust,938271,USA,not_found,not_found,not_found,not_found
354,Crown Holdings,252092,USA,CWN,CCK,Kunststoffe/Verpackungen,US2283681060
355,CryoLife,900006,USA,CYL,AORT,Pharma,US2289031005
356,CTS Corp,850843,USA,XT1,CTS,Elektrotechnologie,US1265011056
357,CubeSmart,A1JKQD,USA,UK8,CUBE,Immobilien,US2296631094
358,Cullen/Frost Bankers,906913,USA,CFZ,CFR,Finanzdienstleistungen,US2298991090
359,Culp,919437,USA,CUZ,CULP,Bekleidung/Textil,US2302151053
360,Cummins,853121,USA,CUM,CMI,Maschinenbau,US2310211063
361,Curtiss-Wright Corp,850852,USA,CWT,CW,Industrie/Mischkonzerne,US2315611010
362,Customers Bancorp,A1WZCH,USA,334,CUBI,Finanzdienstleistungen,US23204G1004
363,CVR Energy,A0MUHT,USA,FL9,CVI,Öl/Gas,US12662P1084
364,CVS HEALTH Corp,859034,USA,CVS,CVS,Handel/E-Commerce,US1266501006
365,Cypress Environmental Partners LP,A1XCBB,USA,,CELP,Öl/Gas,US2327511075
366,Dana,A0NC7J,USA,4DH,DAN,Fahrzeuge,US2358252052
367,Danaher Corp,866197,USA,DAP,DHR,Industrie/Mischkonzerne,US2358511028
368,Daqo New Energy Corp,A1KAFV,USA,5DQ2,DQ,Erneuerbare Energien,US23703Q2030
369,Darden Restaurants,895738,USA,DDN,DRI,Nahrungsmittel/Agrar,US2371941053
370,Darling Ingredients,895117,USA,43D,DAR,Nahrungsmittel/Agrar,US2372661015
371,DaVita,897914,USA,TRL,DVA,Gesundheitswesen,US23918K1088
372,DCP Midstream LP,A0HMVE,USA,,DCP,Öl/Gas,US23311P1003
373,Deckers Outdoor Corp,894298,USA,DO2,DECK,Bau/Infrastruktur,US2435371073
374,Deere & Company,850866,USA,DCO,DE,Maschinenbau,US2441991054
375,Delek Logistics Partners LP,A1J7X0,USA,not_found,DKL,Öl/Gas,US24664T1034
376,Delta Air Lines,A0MQV8,USA,OYC,DAL,Luftfahrt/Rüstung,US2473617023
377,Deluxe Corp,860049,USA,DL8,DLX,Handel/E-Commerce,US2480191012
378,Deutsche Bank Aktiengesellschaft,514000,USA,DBK,DBK.DE,Finanzdienstleistungen,DE0005140008
379,Devon Energy Corp,925345,USA,DY6,DVN,Öl/Gas,US25179M1036
380,DHT Holdings,A1J059,USA,D8EN,DHT,Logistik/Transport,MHY2065G1219
381,Diageo plc,899505,USA,GUIA,DEO,Getränke/Tabak,US25243Q2057
382,Diamond Offshore Drilling,897577,USA,,not_found,Öl/Gas,US25271C1027
383,DiamondRock Hospitality Company,A0EQ4U,USA,HBO,DRH,Immobilien,US2527843013
384,Diana Shipping,A0D9BX,USA,DSZ,DSX,Logistik/Transport,MHY2066G1044
385,Diana Shipping,A1XFR8,USA,not_found,not_found,not_found,not_found
386,Dick's Sporting Goods,662541,USA,DSG,DKS,Freizeitprodukte,US2533931026
387,Diebold Nixdorf,856244,USA,DBD,DBD,Sonstige Technologie,US2536511031
388,Digital Realty Trust,A0DLFT,USA,FQI,DLR,Immobilien,US2538681030
389,Dillards,861569,USA,DL7A,DDS,Handel/E-Commerce,US2540671011
390,Dine Brands Global,A0Q3V8,USA,IHP,DIN,Nahrungsmittel/Agrar,US2544231069
391,Discover Financial Services,A0MUES,USA,DC7,DFS,Finanzdienstleistungen,US2547091080
392,Dolby Laboratories IncClass A,A0DNCY,USA,FUO,DLB,Sonstige Technologie,US25659T1079
393,Dollar General Corp,A0YEES,USA,7DG,DG,Handel/E-Commerce,US2566771059
394,Dominion Energy,932798,USA,DOD,D,Versorger,US25746U1097
395,Domino's Pizza,A0B6VQ,USA,EZV,DPZ,Nahrungsmittel/Agrar,US25754A2015
396,DOMTAR Corp,A0RPCJ,USA,,UFS.TO,Holz/Papier,US2575592033
397,Donaldson Company,859763,USA,DNZ,DCI,Sonstige Technologie,US2576511099
398,DORIAN LPG Ltd,A1135G,USA,0DA,LPG,Logistik/Transport,MHY2106R1100
399,Douglas Dynamics,A1CVGB,USA,5D4,PLOW,Maschinenbau,US25960R1059
400,Douglas Emmett,A0LCP8,USA,D8K,DEI,Immobilien,US25960P1093
401,Dover Corp,853707,USA,DOV,DOV,Maschinenbau,US2600031080
402,Dover Motorsports,903175,USA,not_found,not_found,not_found,not_found
403,DR Horton,884312,USA,HO2,DHI,Bau/Infrastruktur,US23331A1097
404,Dr Reddy's Laboratories Limited,659157,USA,RDDA,RDY,Pharma,US2561352038
405,DRDGOLD Ltd,A0MXRT,USA,DUBA,DUBA.F,Rohstoffe,US26152H3012
406,Dril-Quip,910217,USA,DQU,DRQ,Öl/Gas,US2620371045
407,DTE Energy Company,853943,USA,DGY,DTE,Versorger,US2333311072
408,Ducommun,861421,USA,DUM,DCO,Sonstige Technologie,US2641471097
409,Duke Energy Corp,A1J0EV,USA,D2MN,DUK,Versorger,US26441C2044
410,Duke Realty Corp,887674,USA,DUR,DRE,Immobilien,US2644115055
411,Dycom Industries,877158,USA,DYI,DY,Telekom,US2674751019
412,Dynagas LNG Parners LP,A1W8VH,USA,DGL,DLNG,Logistik/Transport,MHY2188B1083
413,Dynegy Inc. (New),A1J5JU,USA,not_found,not_found,not_found,not_found
414,Eagle Materials,A0BLQZ,USA,E5M,EXP,Bau/Infrastruktur,US26969P1084
415,Eagle Point Credit Company Inc,A2ASGJ,USA,not_found,not_found,not_found,not_found
416,Easterly Government Properties,A14NJ2,USA,E05,DEA,Immobilien,US27616P1030
417,EastGroup Properties,985160,USA,EGO,EGP,Immobilien,US2772761019
418,Eastman Chemical Company,889082,USA,EAC,EMN,Chemie,US2774321002
419,Eastman Kodak Company,A1W4RC,USA,KODN,KODK,Konsumgüter,US2774614067
420,Eaton Corp,A1J88N,USA,3EC,ETN,Elektrotechnologie,IE00B8KQN827
421,Ecolab,854545,USA,ECJ,ECL,Chemie,US2788651006
422,Ecopetrol SA,A0Q9ZL,USA,ECHA,ECHA.F,Öl/Gas,US2791581091
423,Edison International,887629,USA,EIX,EIX,Versorger,US2810201077
424,Edwards Lifesciences Corp,936853,USA,EWL,EW,Pharma,US28176E1082
425,Eli Lilly & Co,858560,USA,LLY,LLY,Pharma,US5324571083
426,Ellington Residential Mortgage Reit,A1T940,USA,73Z,EARN,Finanzdienstleistungen,US2885781078
427,Embotelladora Andina SA,906417,USA,AKOA,AKOA.SG,Getränke/Tabak,US29081P2048
428,Embotelladora Andina SA,906418,USA,AKOB,AKOB.F,Getränke/Tabak,US29081P3038
429,Embraer SA,A1C2PZ,USA,EMY,ERJN.MX,Luftfahrt/Rüstung,US29082A1079
430,EMCOR Group,898814,USA,EM4,EME,Bau/Infrastruktur,US29084Q1004
431,Emergent Biosolutions,A0LC2W,USA,ER4,EBS,Biotechnologie,US29089Q1058
432,Emerson Electric Co,850981,USA,EMR,EMR,Elektrotechnologie,US2910111044
433,Empire State Realty Trust,A1W6FF,USA,ES9,ESRT,Immobilien,US2921041065
434,Employers Holdings,A0MKCX,USA,YGB,EIG,Finanzdienstleistungen,US2922181043
435,Empresa Distribuidora Y Comercializadora Norte SA,A0MQYC,USA,PWD1,EDN,Versorger,US29244A1025
436,Enable Midstream Partners LP,A1100W,USA,not_found,not_found,not_found,not_found
437,Enbridge,885427,USA,EN3,ENB.TO,Öl/Gas,CA29250N1050
438,Endeavour Silver Corp,A0DJ0N,USA,EJD,EDR.TO,Rohstoffe,CA29258Y1034
439,Enel Americas SA,888164,USA,NER,ENIA,Versorger,US29274F1049
440,Energy Transfer LP,A0JJTN,USA,not_found,ET,Öl/Gas,US29273V1008
441,Enerplus Corp,A1H499,USA,E17,ERF.TO,Finanzdienstleistungen,CA2927661025
442,EnerSys,A0B7EH,USA,FDN,ENS,Elektrotechnologie,US29275Y1029
443,ENI SpA,898285,USA,ENI1,E,Versorger,US26874R1086
444,Enlink Midstream LLC,A1XFKA,USA,0E41,ENLC,Öl/Gas,US29336T1007
445,Ennis,850998,USA,,EBF,Konsumgüter,US2933891028
446,Enova International,A12D51,USA,27E,ENVA,Finanzdienstleistungen,US29357K1034
447,Enpro Industries,633524,USA,EP9,NPO,Maschinenbau,US29355X1072
448,Entergy Corp,889290,USA,ETY,ETR,Versorger,US29364G1031
449,Enterprise Products Partners LP,915716,USA,,EPD,Öl/Gas,US2937921078
450,Entravision Communication,938502,USA,EV9,EVC,Medien,US29382R1077
451,ENVESTNET,A1C2NW,USA,30E,ENV,Finanzdienstleistungen,US29404K1060
452,Envision Healthcare Holdings Inc.,A1W3DY,USA,not_found,not_found,not_found,not_found
453,Enzo Biochem,865607,USA,EZB,ENZ,Biotechnologie,US2941001024
454,EOG Resources,877961,USA,EO5,EOG,Öl/Gas,US26875P1012
455,Epam Systems,A1JS9Q,USA,E3M,EPAM,Software,US29414B1044
456,EPR Properties,A1J8BX,USA,not_found,not_found,not_found,not_found
457,EPR Properties,A1J8BY,USA,not_found,not_found,not_found,not_found
458,EQT Corp,A0RFZL,USA,EQ6,EQT,Öl/Gas,US26884L1098
459,Equifax,854618,USA,EFX,EFX,Finanzdienstleistungen,US2944291051
460,Equity Commonwealth,A119BD,USA,HP5A,EQC,Immobilien,US2946281027
461,Equity Commonwealth 6 1/,-,USA,not_found,not_found,not_found,not_found
462,Equity Lifestyle Properties,A0DNDJ,USA,MHV,ELS,Immobilien,US29472R1086
463,Equity Residential,985334,USA,EQR,EQR,Immobilien,US29476L1070
464,Eros International PLC,A1W7D2,USA,E1OA,ESGC,Unterhaltung,IM00B86NL059
465,ESCO Technologies,880907,USA,ET7,ESE,Sonstige Technologie,US2963151046
466,Essent Group Ltd,A1W6VY,USA,EG0,ESNT,Finanzdienstleistungen,BMG3198U1027
467,Essex Property Trust,891315,USA,EXP,ESS,Immobilien,US2971781057
468,Estee Lauder Companies (The),897933,USA,ELAA,EL,Kosmetik,US5184391044
469,Ethan Allen Interiors,885974,USA,not_found,ETD,Handel/E-Commerce,US2976021046
470,Evercore,A0KEXP,USA,QGJ,EVR,Finanzdienstleistungen,US29977A1051
471,Everest Re Group Ltd,580891,USA,ERE,RE,Finanzdienstleistungen,BMG3223R1088
472,Eversource Energy,A14NE5,USA,NWJ,ES,Versorger,US30040W1080
473,EVERTEC,A1T8GY,USA,2EV,EVTC,IT-Dienstleistungen,PR30040P1032
474,Evogene Ltd,A0Q7UP,USA,not_found,EVGN.TA,Biotechnologie,IL0011050551
475,EW Scripps Company (The),A0Q50J,USA,SQ6B,SSP,Medien,US8110544025
476,Exelon Corp,852011,USA,PEO,EXC,Versorger,US30161N1019
477,Express,A1CYT2,USA,02Z,EXPR,Bekleidung/Textil,US30219E1038
478,Extra Space Storage,A0B7S6,USA,FG8,EXR,Logistik/Transport,US30225T1025
479,Exxon Mobil Corp,852549,USA,XONA,XOM,Öl/Gas,US30231G1022
480,Fabrinet,A0Q2S5,USA,FAN,FN,Elektrotechnologie,KYG3323L1005
481,Factset Research Systems,901629,USA,FA1,FDS,Finanzdienstleistungen,US3030751057
482,Fair Isaac Corp,873369,USA,FRI,FICO,Software,US3032501047
483,Farmland Partners,A1XE4J,USA,0FA,FPI,Immobilien,US31154R1095
484,Federal Agricultural Mortgage Corp,938456,USA,A35,AGM,Finanzdienstleistungen,US3131483063
485,Federal Signal Corp,857967,USA,FSG,FSS,Fahrzeuge,US3138551086
486,Federated Hermes,914304,USA,3KC,FHI,Finanzdienstleistungen,US3142111034
487,FedEx Corp,912029,USA,FDX,FDX,Logistik/Transport,US31428X1063
488,Ferro Corp,851060,USA,FR9,FOE,Sonstige Technologie,US3154051003
489,Fidelity National Information Services,A0H1FP,USA,ZGY,FIS,IT-Dienstleistungen,US31620M1062
490,First American Financial Corp,A1C0EH,USA,Y1F,FAF,Finanzdienstleistungen,US31847R1023
491,First BanCorp,A1C9RC,USA,OLWN,FBP,Finanzdienstleistungen,PR3186727065
492,First Commonwealth Financial Corp,919114,USA,FCF,FCF,Finanzdienstleistungen,US3198291078
493,First Horizon Corp,A0CAN7,USA,FT2,FHN,Finanzdienstleistungen,US3205171057
494,First Industrial Realty Trust,893711,USA,F5W,FR,Immobilien,US32054K1034
495,FIRST MAJESTIC SILVER Corp,A0LHKJ,USA,FMV,FR.TO,Rohstoffe,CA32076V1031
496,First Republic Bank,A1C7VF,USA,81R,FRC,Finanzdienstleistungen,US33616C1009
497,FirstEnergy Corp,910509,USA,FE7,FE,Versorger,US3379321074
498,Flagstar Bancorp,A1J51V,USA,FL2P,FBC,Finanzdienstleistungen,US3379307057
499,FleetCor Technologies,A1C3R3,USA,07G,FLT,Sonstige Technologie,US3390411052
500,Flotek Industries,A0F43X,USA,F2I,FTK,Maschinenbau,US3433891021
501,Flowers Foods,632326,USA,FWF,FLO,Nahrungsmittel/Agrar,US3434981011
502,Flowserve Corp,864999,USA,FWV,FLS,Maschinenbau,US34354P1057
503,Fluor Corp,591332,USA,FLU,FLR,Bau/Infrastruktur,US3434121022
504,FMC Corp,871138,USA,FMQ,FMC,Chemie,US3024913036
505,FNB Corp,-,USA,not_found,not_found,not_found,not_found
506,FNB Corp,919910,USA,FN2,FNB,Finanzdienstleistungen,US3025201019
507,Fomento Economico Mexicano SAB DE CV,915671,USA,FOMA,FMX,Getränke/Tabak,US3444191064
508,Foot Locker,877539,USA,WOO,FL,Handel/E-Commerce,US3448491049
509,Ford Motor Company,502391,USA,FMC1,F,Fahrzeuge,US3453708600
510,Foresight Energy LP,A1159A,USA,,not_found,Rohstoffe,US34552U1043
511,FORTUNA Silver Mines,A0ETVA,USA,F4S,FVI.TO,Rohstoffe,CA3499151080
512,Fortune Brands Home & Security,A1JE0N,USA,2FB,FBHS,Bau/Infrastruktur,US34964C1062
513,Forum Energy Technologies Inc.,A2QJA0,USA,1FE1,FET,Öl/Gas,US34984V2097
514,Franco-Nevada Corp,A0M8PX,USA,3FO,FNV.TO,Rohstoffe,CA3518581051
515,Frank's International NV,A1W3ZG,USA,FK2,XPRO,Öl/Gas,NL0010556684
516,Franklin Covey Company,884271,USA,,FC,Dienstleistungen,US3534691098
517,Franklin Resources,870315,USA,FRK,BEN,Finanzdienstleistungen,US3546131018
518,Freeport-McMoran,896476,USA,FPMB,FCX,Rohstoffe,US35671D8570
519,Fresenius Medical Care AG & Co KGaA,879529,USA,FMEA,FMS,Gesundheitswesen,US3580291066
520,Fresh Del Monte Produce,910307,USA,FDM,FDP,Nahrungsmittel/Agrar,KYG367381053
521,FTI Consulting,907337,USA,FCQ,FCN,Dienstleistungen,US3029411093
522,Future Fuel Corp,A0YHQB,USA,3FF,FF,Chemie,US36116M1062
523,Gabelli Equity Trust Inc.,871949,USA,1KY,GAB,Finanzdienstleistungen,US3623971013
524,GAMCO Investors,A0F56H,USA,6JV,GBL,Finanzdienstleistungen,US3614381040
525,GameStop Corp,A0HGDX,USA,GS2C,GME,Unterhaltung,US36467W1099
526,Gap (The),863533,USA,GAP,GPS,Bekleidung/Textil,US3647601083
527,Gartner,887957,USA,GGRA,IT,IT-Dienstleistungen,US3666511072
528,Gaslog Partners LP,A112DR,USA,03G,GLOP,Logistik/Transport,MHY2687W1084
529,GATX Corp,851137,USA,GAX,GATX,Dienstleistungen,US3614481030
530,Generac Holdings,A0YGR4,USA,G84,GNRC,Elektrotechnologie,US3687361044
531,General Dynamics Corp,851143,USA,GDX,GD,Luftfahrt/Rüstung,US3695501086
532,General Mills,853862,USA,GRM,GIS,Nahrungsmittel/Agrar,US3703341046
533,General Motors Company,A1C9CM,USA,8GM,GM,Fahrzeuge,US37045V1008
534,Genesco,851167,USA,GN8,GCO,Bekleidung/Textil,US3715321028
535,Genesis Energy LP,904955,USA,,GEL,Öl/Gas,US3719271047
536,GENIE ENERGY Ltd,A1JMHT,USA,6GE,GNE,Öl/Gas,US3722842081
537,Genpact Limited,A0MXL7,USA,35G,G,Dienstleistungen,BMG3922B1072
538,Genuine Parts Company,858406,USA,GPT,GPC,Fahrzeuge,US3724601055
539,Genworth Financial,A0CA8M,USA,GGK,GNW,Finanzdienstleistungen,US37247D1063
540,Geopark Limited,A0JML6,USA,G6O,GPRK,Öl/Gas,BMG383271050
541,Gerdau SA,915270,USA,GDUA,GGB,Eisen/Stahl,US3737371050
542,Getty Realty Corp,929043,USA,not_found,GTY,Immobilien,US3742971092
543,Gildan Activewear,915121,USA,VGA,GIL.TO,Bekleidung/Textil,CA3759161035
544,GlaxoSmithKline plc,940610,USA,GS7A,GSK,Pharma,US37733W1053
545,Global Partners LP,A0HF1S,USA,not_found,GLP,Öl/Gas,US37946R1095
546,Global Payments,603111,USA,GLO,GPN,IT-Dienstleistungen,US37940X1028
547,Global Ship Lease,A2ANKV,USA,not_found,not_found,not_found,not_found
548,Globant SA,A117M8,USA,2G2,GLOB,IT-Dienstleistungen,LU0974299876
549,Globus Medical,A1J2LY,USA,GM0N,GMED,Gesundheitswesen,US3795772082
550,GoDaddy,A14QAF,USA,38D,GDDY,Internet,US3802371076
551,Gold Fields Ltd,862484,USA,EDG,GFI,Rohstoffe,US38059T1060
552,Goldcorp Inc,890493,USA,not_found,not_found,not_found,not_found
553,Goldman Sachs Group,920332,USA,GOS,GS,Finanzdienstleistungen,US38141G1040
554,GP Strategies Corp,897296,USA,not_found,not_found,not_found,not_found
555,Graco,859357,USA,GA8,GGG,Sonstige Technologie,US3841091040
556,Graham Corp,857127,USA,781,GHM,Maschinenbau,US3845561063
557,Graham Holdings Company,A1W9DT,USA,WPOB,GHC,Medien,US3846371041
558,Granite Construction,879080,USA,GRG,GVA,Bau/Infrastruktur,US3873281071
559,Granite Real Estate Investment Trust,A1KAGY,USA,4I7,GRT-UN.TO,Immobilien,CA3874371147
560,Graphic Packaging Holding Company,A0NGSQ,USA,4W8,GPK,Kunststoffe/Verpackungen,US3886891015
561,Gray Television,902961,USA,GCZB,GTN,Medien,US3893751061
562,Gray Television,903419,USA,GCZA,GTN-A,Medien,US3893752051
563,Great Ajax Corp,A14Q7L,USA,45R,AJX,Immobilien,US38983D3008
564,Green Dot Corp,A1C0P5,USA,5GN,GDOT,Finanzdienstleistungen,US39304D1028
565,Greenbrier Companies (The),891600,USA,G90,GBX,Maschinenbau,US3936571013
566,Greenhill & Co,A0B9GF,USA,GH3,GHL,Finanzdienstleistungen,US3952591044
567,Greif,924031,USA,GB6B,GEF-B,Kunststoffe/Verpackungen,US3976242061
568,Greif,866263,USA,GR3,GEF,Kunststoffe/Verpackungen,US3976241071
569,Griffon Corp,856788,USA,GFF,GFF,Dienstleistungen,US3984331021
570,Group 1 Automotive,910163,USA,GAV,GPI,Handel/E-Commerce,US3989051095
571,GRUMA SAB DE CV B ADR/5,A1J4GH,USA,not_found,not_found,not_found,not_found
572,Grupo Aeroportuario del Pacifico SAB de CV Amer Dep Shares (each rep 10 Ser B shares),A0JDTM,USA,G9N,PAC,Luftfahrt/Rüstung,US4005061019
573,Grupo Aeroportuario del Sureste SA,579253,USA,AEDA,ASR,Logistik/Transport,US40051E2028
574,Grupo Aval Acciones Y Valores SA,A12A8M,USA,6GAA,6GAA.F,Finanzdienstleistungen,US40053W1018
575,Grupo Televisa SA,888781,USA,TLV,TV,Medien,US40049J2069
576,GTT Communications,A1XBSM,USA,2G6,GTTNQ,Telekom,US3623931009
577,Guess,902204,USA,GU9,GES,Bekleidung/Textil,US4016171054
578,Guidewire Software,A1JS4X,USA,0GS,GWRE,Software,US40171V1008
579,H&R Block,859376,USA,HRB,HRB,Finanzdienstleistungen,US0936711052
580,Haemonetics Corp,881782,USA,HAZ,HAE,Gesundheitswesen,US4050241003
581,Halliburton Company,853986,USA,HAL,HAL,Öl/Gas,US4062161017
582,Halyard Health Inc.,A12DEJ,USA,not_found,not_found,not_found,not_found
583,Hanesbrands,A0KEQF,USA,HN9,HBI,Nahrungsmittel/Agrar,US4103451021
584,Hanger,882976,USA,HO8,HNGR,Gesundheitswesen,US41043F2083
585,Hannon Armstrong Sustainable Infrastructure Capital,A1T9C5,USA,6HA,HASI,Immobilien,US41068X1000
586,Hanover Insurance Group (The),A0ESNN,USA,AF4,THG,Finanzdienstleistungen,US4108671052
587,Harley-Davidson,871394,USA,HAR,HOG,Fahrzeuge,US4128221086
588,Harmony Gold Mining Company Ltd.,851267,USA,HAM1,HAR.JO,Rohstoffe,ZAE000015228
589,Harsco Corp,851271,USA,HA7,HSC,Industrie/Mischkonzerne,US4158641070
590,Hartford Financial Services Group,-,USA,not_found,not_found,not_found,not_found
591,Hartford Financial Services Group (The),898521,USA,HFF,HIG,Finanzdienstleistungen,US4165151048
592,Haverty Furniture Companies,889712,USA,25F,HVT,Bau/Infrastruktur,US4195961010
593,Haverty Furniture Companies,938472,USA,25F0,HVT-A,Bau/Infrastruktur,US4195962000
594,Hawaiian Electric Industries,868056,USA,HWI,HE,Versorger,US4198701009
595,HB Fuller Company,861402,USA,HB1,FUL,Chemie,US3596941068
596,HCA Healthcare,A1JFMW,USA,2BH,HCA,Gesundheitswesen,US40412C1018
597,HCI Group,A1W02H,USA,0H5,HCI,Finanzdienstleistungen,US40416E1038
598,HDFC Bank Limited,694482,USA,HDFA,HDFA.F,Finanzdienstleistungen,US40415F1012
599,Healthcare Realty Trust,886627,USA,HR6,HR,Immobilien,US4219461047
600,Hecla Mining Company,854693,USA,HCL,HL,Rohstoffe,US4227041062
601,HEICO Corp,889997,USA,HC1,HEI,Luftfahrt/Rüstung,US4228061093
602,HEICO Corp,914043,USA,HC1A,HEI-A,Luftfahrt/Rüstung,US4228062083
603,Helix Energy Solutions Group,A0JD3R,USA,CTV,HLX,Öl/Gas,US42330P1075
604,Helmerich & Payne,851292,USA,HPC,HP,Öl/Gas,US4234521015
605,Herbalife Nutrition Ltd,A0DNX7,USA,HOO,HLF,Nahrungsmittel/Agrar,KYG4412G1010
606,Hercules Capital,A0ERTZ,USA,not_found,not_found,not_found,not_found
607,Heritage Insurance Holdings,A113GG,USA,11H,HRTG,Finanzdienstleistungen,US42727J1025
608,HERSHA HOSPITALITY TRUST,-,USA,not_found,not_found,not_found,not_found
609,Hershey Company (The),851297,USA,HSY,HSY,Nahrungsmittel/Agrar,US4278661081
610,Hess Corp,A0JMQL,USA,AHC,HES,Öl/Gas,US42809H1077
611,Hexcel Corp,894306,USA,HXL,HXL,Industrie/Mischkonzerne,US4282911084
612,Hi-Crush,A1J2SL,USA,,not_found,Öl/Gas,US4283371098
613,Highwoods Properties,891252,USA,HQS,HIW,Immobilien,US4312841087
614,Hill International,A0KETE,USA,HLZ,HIL,Dienstleistungen,US4314661012
615,Hill-Rom Holdings,A0NJH0,USA,not_found,not_found,not_found,not_found
616,Hillenbrand,A0NHFB,USA,9HI,HI,Dienstleistungen,US4315711089
617,Hilltop Holdings,A0MX4M,USA,WXF,HTH,Finanzdienstleistungen,US4327481010
618,Hilton Worldwide Holdings Inc.,A1W92N,USA,not_found,not_found,not_found,not_found
619,HNI Corp,A0CA2A,USA,HO9,HNI,Bau/Infrastruktur,US4042511000
620,Hoegh LNG Partners LP,A119NL,USA,1H6,HMLP,Logistik/Transport,MHY3262R1009
621,Holly Energy Partners LP,A0B9ZA,USA,,HEP,Öl/Gas,US4357631070
622,HOLLYFRONTIER Corp,A1JCLQ,USA,HL8,HFC,Öl/Gas,US4361061082
623,Home Depot,866953,USA,HDI,HD,Handel/E-Commerce,US4370761029
624,Honda Motor Co Ltd,858326,USA,HDMA,HMC,Fahrzeuge,US4381283088
625,Honeywell International,870153,USA,ALD,HON,Industrie/Mischkonzerne,US4385161066
626,Horace Mann Educators Corp,882987,USA,HM9,HMN,Finanzdienstleistungen,US4403271046
627,Hormel Foods Corp,850875,USA,HO7,HRL,Nahrungsmittel/Agrar,US4404521001
628,Host Hotels & Resorts,918239,USA,HMT,HST,Hotels/Tourismus,US44107P1049
629,Howard Hughes Corp (The),A1C7ML,USA,HHE,HHC,Immobilien,US44267D1072
630,HSBC Holdings PLC,924153,USA,HBC2,HSBC,Finanzdienstleistungen,US4042804066
631,Huaneng Power Intl,892647,USA,HUP,HNP,Versorger,US4433041005
632,HUBSPOT,A12CWQ,USA,096,HUBS,Software,US4435731009
633,Hudbay Minerals,A0DPL4,USA,OCKA,HBM.TO,Rohstoffe,CA4436281022
634,Hudson Pacific Properties,A1CZMY,USA,HP9,HPP,Immobilien,US4440971095
635,Humana,856584,USA,HUM,HUM,Finanzdienstleistungen,US4448591028
636,Huntington Ingalls Industries,A1JE8X,USA,HI4,HII,Industrie/Mischkonzerne,US4464131063
637,Huntsman Corp,A0DQGM,USA,HTR,HUN,Chemie,US4470111075
638,Hyatt Hotels Corp,A0YAKV,USA,1HTA,H,Hotels/Tourismus,US4485791028
639,Hyster-Yale Materials Handling,A1J4R3,USA,HYEA,HY,Maschinenbau,US4491721050
640,IAMGold Corp,899657,USA,IAL,IMG.TO,Rohstoffe,CA4509131088
641,ICICI Bank Limited,936793,USA,ICBA,IBN,Finanzdienstleistungen,US45104G1040
642,ICL Group Ltd,902166,USA,not_found,ICL.TA,Chemie,IL0002810146
643,IDACORP,916694,USA,IDJ,IDA,Versorger,US4511071064
644,IDEX Corp,877444,USA,ID7,IEX,Maschinenbau,US45167R1041
645,IDT Corp,A0RF6V,USA,IDC2,IDT,Telekom,US4489475073
646,Illinois Tool Works,861219,USA,ILT,ITW,Maschinenbau,US4523081093
647,Imax Corp,896801,USA,IMA,IMAX,Unterhaltung,CA45245E1097
648,Independence Holding Company,922423,USA,,IHC,Finanzdienstleistungen,US4534403070
649,Industrias Bachoco SAB De CV,918399,USA,7DR,IBA,Nahrungsmittel/Agrar,US4564631087
650,Infosys Limited,919668,USA,IOY,0XSE.L,IT-Dienstleistungen,US4567881085
651,ING Groep NV,907466,USA,INNA,ING,Finanzdienstleistungen,US4568371037
652,Ingredion,A1JYNM,USA,CNP,INGR,Nahrungsmittel/Agrar,US4571871023
653,INPHI Corp,A1C230,USA,not_found,not_found,not_found,not_found
654,Insperity,A1H74T,USA,ASF,NSP,Dienstleistungen,US45778Q1076
655,Installed Building Products,A1XDU6,USA,2IL,IBP,Bau/Infrastruktur,US45780R1014
656,Intelsat S A,A1T9LQ,USA,IJSA,INTEQ,Telekom,LU0914713705
657,Intercontinental Exchange,A1W5H0,USA,IC2,ICE,Finanzdienstleistungen,US45866F1049
658,International Business Machines Corp,851399,USA,IBM,IBM,Hardware,US4592001014
659,International Flavors & Fragrances,853881,USA,IFF,IFF,Chemie,US4595061015
660,International Paper Co,851413,USA,INP,IP,Holz/Papier,US4601461035
661,Interpublic Group of Companies (The),851781,USA,IPG,IPG,Unterhaltung,US4606901001
662,Interstate Power & Light Company Perp Prd Ser D,-,USA,not_found,not_found,not_found,not_found
663,Invacare Corp,868973,USA,IV3,IVC,Gesundheitswesen,US4612031017
664,Invesco Ltd,A0M6U7,USA,3IW,IVZ,Finanzdienstleistungen,BMG491BT1088
665,Invesco Mortgage Capital,A0X806,USA,7M2,IVR,Finanzdienstleistungen,US46131B1008
666,Invitae Corp,A14NKG,USA,IV8,NVTA,Gesundheitswesen,US46185L1035
667,IRSA Inversiones y Representaciones SA,907725,USA,IRYA,IRS,Immobilien,US4500472042
668,ISTAR,929187,USA,OLZ,STAR,Finanzdienstleistungen,US45031U1016
669,Itau Unibanco Holding SA,A0RGKJ,USA,BVXB,ITUB,Finanzdienstleistungen,US4655621062
670,Jabil,886423,USA,JBL,JBL,Halbleiter,US4663131039
671,Jacobs Engineering Group,864215,USA,JEG,J,Industrie/Mischkonzerne,US4698141078
672,JAMES HARDIE INDUSTRIES plc,A0HGEC,USA,JHA0,JHX,Bau/Infrastruktur,US47030M1062
673,JC Penney Company,851991,USA,not_found,not_found,not_found,not_found
674,Jinkosolar Holdings CO,A0Q87R,USA,ZJS1,ZJS1.F,Erneuerbare Energien,US47759T1007
675,JM Smucker Company (The),633835,USA,JM2,SJM,Nahrungsmittel/Agrar,US8326964058
676,JMP Group LLC,-,USA,not_found,not_found,not_found,not_found
677,John Bean Technologies Corp,A0Q6F9,USA,JBT,JBT,Sonstige Technologie,US4778391049
678,John Wiley & Sons,-,USA,not_found,not_found,not_found,not_found
679,John Wiley & Sons,909878,USA,2F7,JW-A,Medien,US9682232064
680,Johnson & Johnson,853260,USA,JNJ,JNJ,Konsumgüter,US4781601046
681,Jones Lang LaSalle,908217,USA,4J2,JLL,Immobilien,US48020Q1076
682,JPMorgan Chase & Co,850628,USA,CMC,JPM,Finanzdienstleistungen,US46625H1005
683,Kadant,884567,USA,KDA,KAI,Maschinenbau,US48282T1043
684,Kaman Corp,861220,USA,KA1,KAMN,Industrie/Mischkonzerne,US4835481031
685,KAR Auction Services,A0YF1W,USA,XKR,KAR,Dienstleistungen,US48238T1097
686,Kayne Anderson MLP Inv. Co.,A0MXKB,USA,KA5,KYN,Finanzdienstleistungen,US4866061066
687,KB Financial Group,A0RAQX,USA,KBIA,KB,Finanzdienstleistungen,US48241A1051
688,KB Home,876635,USA,KBH,KBH,Immobilien,US48666K1097
689,KBR,A0LEFS,USA,K6B,KBR,Bau/Infrastruktur,US48242W1062
690,Kellogg Company,853265,USA,KEL,K,Nahrungsmittel/Agrar,US4878361082
691,Kemper Corp,A1JEFA,USA,UI2,KMPR,Finanzdienstleistungen,US4884011002
692,Kennametal,855783,USA,KM3,KMT,Maschinenbau,US4891701009
693,Kennedy-Wilson Holdings,A0YFMB,USA,13K,KW,Immobilien,US4893981070
694,KeyCorp,869353,USA,KEY,KEY,Finanzdienstleistungen,US4932671088
695,Keysight Technologies,A12B6J,USA,1KT,KEYS,Elektrotechnologie,US49338L1035
696,Kilroy Realty Corp,905164,USA,KRC,KRC,Immobilien,US49427F1084
697,Kimberly-Clark Corp,855178,USA,KMY,KMB,Holz/Papier,US4943681035
698,Kimco Realty Corp,883111,USA,KIC,KIM,Immobilien,US49446R1095
699,Kinder Morgan,A1H6GK,USA,2KD,KMI,Öl/Gas,US49456B1017
700,Kinross Gold Corp,A0DM94,USA,KIN2,K.TO,Rohstoffe,CA4969024047
701,Kirby Corp,863669,USA,KIY,KEX,Logistik/Transport,US4972661064
702,Knot Offshore Partners LP,A1T9FV,USA,KO4,KNOP,Logistik/Transport,MHY481251012
703,KNOWLES Corp,A1XD6Z,USA,1K3,KN,Elektrotechnologie,US49926D1090
704,Kohl's Corp,884195,USA,KHP,KSS,Handel/E-Commerce,US5002551043
705,Koninklijke Philips NV,940936,USA,PHIA,PHG,Elektrotechnologie,US5004723038
706,Koppers Holdings,A0JC0E,USA,KO9,KOP,Rohstoffe,US50060P1066
707,Korea Electric Power Corp,893161,USA,KOP,KOP.F,Versorger,US5006311063
708,Korn Ferry,919027,USA,KFY,KFY,Dienstleistungen,US5006432000
709,Kosmos Energy Ltd,A1H7RE,USA,not_found,not_found,not_found,not_found
710,Kraton Corp,A0YF58,USA,K21,KRA,Chemie,US50077C1062
711,Kroger Co (The),851544,USA,KOG,KR,Nahrungsmittel/Agrar,US5010441013
712,Kronos Worldwide,776950,USA,K1W,KRO,Chemie,US50105F1057
713,KT Corp,922613,USA,KTC,KTC.F,Telekom,US48268K1016
714,Kyocera Corp.,860614,USA,KYR,6971.T,Hardware,JP3249600002
715,La-Z-Boy,860095,USA,LAZ,LZB,Konsumgüter,US5053361078
716,Laboratory Corp,895308,USA,LAB,LH,Sonstige Technologie,US50540R4092
717,LADDER CAPITAL Corp,A1XD2P,USA,LD1A,LADR,Finanzdienstleistungen,US5057431042
718,Lannett Company,882871,USA,LN5,LCI,Pharma,US5160121019
719,Las Vegas Sands Corp,A0B8S2,USA,LCR,LVS,Unterhaltung,US5178341070
720,LATAM Airlines Group SA,A1J5XB,USA,LFL,LTMAQ,Luftfahrt/Rüstung,US51817R1068
721,Lazard Ltd,A0DQP8,USA,not_found,LAZ,Finanzdienstleistungen,BMG540501027
722,Lear Corp,A0YERL,USA,LE6N,LEA,Fahrzeuge,US5218652049
723,Leggett & Platt,883524,USA,LP1,LEG,Industrie/Mischkonzerne,US5246601075
724,Leidos Holdings,A1W5CT,USA,S6IA,LDOS,IT-Dienstleistungen,US5253271028
725,Leju Holdings Limited,A11074,USA,1LUA,LEJU,Internet,US50187J1088
726,Lennar Corp,851022,USA,LNN,LEN,Bau/Infrastruktur,US5260571048
727,Lennar Corp,258288,USA,LNN0,LEN-B,Bau/Infrastruktur,US5260573028
728,Lennox International,924838,USA,LXI,LII,Sonstige Technologie,US5261071071
729,Level 3 Communications Inc.,A1JL12,USA,not_found,not_found,not_found,not_found
730,LG Display Co Ltd,A0B68Y,USA,LGA,LPL,Hardware,US50186V1026
731,LIGHTINTHEBOX HOLDING CO Ltd,A1W0AW,USA,L4XA,LITBN.MX,Internet,US53225G1022
732,Lincoln National Corp,859406,USA,LCO,LNC,Finanzdienstleistungen,US5341871094
733,Lindsay Corp,904057,USA,LMF,LNN,Sonstige Technologie,US5355551061
734,Lithia Motors,914076,USA,LMO,LAD,Fahrzeuge,US5367971034
735,Live Nation Entertainment,A0H0VZ,USA,3LN,LYV,Unterhaltung,US5380341090
736,LL Flooring Holdings,A0YGDM,USA,not_found,LL,Handel/E-Commerce,US55003T1079
737,Lloyds Banking Group PLC,766625,USA,LLD2,LYG,Finanzdienstleistungen,US5394391099
738,Lockheed Martin Corp,894648,USA,LOM,LMT,Luftfahrt/Rüstung,US5398301094
739,Loews Corp,851615,USA,LTR,L,Finanzdienstleistungen,US5404241086
740,Louisiana-Pacific Corp,861032,USA,LP3,LPX,Bau/Infrastruktur,US5463471053
741,Lowe's Companies,859545,USA,LWE,LOW,Bau/Infrastruktur,US5486611073
742,LS Starrett Company (The),860546,USA,not_found,not_found,not_found,not_found
743,LSB Industries,866808,USA,LS3,LXU,Maschinenbau,US5021601043
744,LTC Properties,884625,USA,LTP,LTC,Immobilien,US5021751020
745,Luby's,-,USA,not_found,not_found,not_found,not_found
746,LXP Industrial Trust,907209,USA,LXN,LXP,Immobilien,US5290431015
747,LXP Industrial Trust,A0ETGQ,USA,not_found,not_found,not_found,not_found
748,LyondellBasell Industries NV,A1CWRM,USA,DLY,LYB,Chemie,NL0009434992
749,M&T Bank Corp,863582,USA,MTZ,MTB,Finanzdienstleistungen,US55261F1049
750,M/I Homes,888374,USA,4MI,MHO,Bau/Infrastruktur,US55305B1017
751,Macerich Company (The),888353,USA,M6G,MAC,Immobilien,US5543821012
752,Mack-Cali Realty Corp,892485,USA,WY4,VRE,Immobilien,US5544891048
753,Macquarie Infrastructure Holdings LLC,A0MU9M,USA,14M,MIC,Bau/Infrastruktur,US55608B1052
754,Macy's,A0MS7Y,USA,FDO,M,Handel/E-Commerce,US55616P1049
755,Magellan Midstream Partners LP,358665,USA,,MMP,Logistik/Transport,US5590801065
756,Magna International,868610,USA,MGA,MG.TO,Fahrzeuge,CA5592224011
757,Magnachip Semiconductor Corp,A1C1SD,USA,SMG,MX,Halbleiter,US55933J2033
758,Maiden Holdings,-,USA,not_found,not_found,not_found,not_found
759,MAIDEN HOLDINGS Ltd,A144GP,USA,not_found,not_found,not_found,not_found
760,Main Street Capital Corp,A0X8Y3,USA,13M,MAIN,Finanzdienstleistungen,US56035L1044
761,MainStay MacKay DefinedTerm Municipal Opportunitie,-,USA,not_found,not_found,not_found,not_found
762,Mallinckrodt Public Limited,A1W0TN,USA,MCD,MNKKQ,Pharma,IE00BBGT3753
763,Manchester United PLC,A1J2MK,USA,MUF,MANU,Freizeitprodukte,KYG5784H1065
764,Manning & Napier,A1JP7N,USA,MN0,MN,Finanzdienstleistungen,US56382Q1022
765,ManpowerGroup,881964,USA,MPW,MAN,Dienstleistungen,US56418H1005
766,Manulife Financial Corp,926517,USA,MLU,MFC.TO,Finanzdienstleistungen,CA56501R1064
767,Marathon Oil Corp,852789,USA,USS,MRO,Öl/Gas,US5658491064
768,MARATHON PETROLEUM Corp,A1JEXK,USA,MPN,MPC,Öl/Gas,US56585A1025
769,Marcus & Millichap,A1W54Z,USA,M6M,MMI,Immobilien,US5663241090
770,Marcus Corp (The),860665,USA,3L1,MCS,Unterhaltung,US5663301068
771,Marine Products Corp,630850,USA,,MPX,Fahrzeuge,US5684271084
772,MarineMax,914727,USA,MLW,HZO,Dienstleistungen,US5679081084
773,Markel Corp,885036,USA,MKV,MKL,Finanzdienstleistungen,US5705351048
774,MARRIOTT VACATIONS WORLDWIDE Corp,A1JNDJ,USA,M8V,VAC,Hotels/Tourismus,US57164Y1073
775,Marsh & McLennan Companies,858415,USA,MSN,MMC,Finanzdienstleistungen,US5717481023
776,Martin Marietta Materials,889585,USA,MMX,MLM,Bau/Infrastruktur,US5732841060
777,Masco Corp,856632,USA,MSQ,MAS,Bau/Infrastruktur,US5745991068
778,MASONITE INTERNATIONAL Corp,A1W3YG,USA,MII,DOOR,Bau/Infrastruktur,CA5753851099
779,MasTec,861257,USA,MY8,MTZ,Elektrotechnologie,US5763231090
780,Mastercard,A0F602,USA,M4I,MA,Finanzdienstleistungen,US57636Q1040
781,Matador Resources Company,A1JTVV,USA,7MR,MTDR,Öl/Gas,US5764852050
782,Materion Corp,A1JH3T,USA,BEM,MTRN,Sonstige Technologie,US5766901012
783,Matsons,A1J0SW,USA,68M,MATX,Logistik/Transport,US57686G1058
784,Maui Land & Pineapple Co,936600,USA,not_found,not_found,not_found,not_found
785,MAXIMUS,907462,USA,MMY,MMS,Dienstleistungen,US5779331041
786,MAXLINEAR,A0RM07,USA,JMX,MXL,Halbleiter,US57776J1007
787,MBIA,874020,USA,MBJ,MBI,Finanzdienstleistungen,US55262C1009
788,McCormick & Company,769073,USA,MCX0,MKC-V,Nahrungsmittel/Agrar,US5797801074
789,McCormick & Company,858250,USA,MCX,MKC,Nahrungsmittel/Agrar,US5797802064
790,McDonald's Corp,856958,USA,MDO,MCD,Nahrungsmittel/Agrar,US5801351017
791,Mcewen Mining,A1JS7T,USA,US8A,MUX,Rohstoffe,US58039P1075
792,McKesson Corp,893953,USA,MCK,MCK,Gesundheitswesen,US58155Q1031
793,MDC Holdings,870917,USA,MDH,MDC,Bau/Infrastruktur,US5526761086
794,MDU Resources Group,858925,USA,MRE,MDU,Öl/Gas,US5526901096
795,Mechel PAO,A1CYLK,USA,MHSE,MTL-P,Eisen/Stahl,US5838405091
796,Medical Properties Trust,A0ETK5,USA,M3P,MPW,Immobilien,US58463J3041
797,Medifast,889384,USA,MDF,MED,Biotechnologie,US58470H1014
798,Mednax,A0RELL,USA,PDC,MD,Gesundheitswesen,US58502B1061
799,Medtronic plc,A14M2J,USA,2M6,MDT,Gesundheitswesen,IE00BTN1Y115
800,Merck & Co,A0YD8Q,USA,6MK,MRK,Pharma,US58933Y1055
801,Mercury General Corp,870346,USA,MCG,MCY,Finanzdienstleistungen,US5894001008
802,Meredith Corp,855421,USA,not_found,not_found,not_found,not_found
803,Meritage Homes Corp,876864,USA,MEY,MTH,Bau/Infrastruktur,US59001A1025
804,MERITOR,A1JFWH,USA,AID1,MTOR,Fahrzeuge,US59001K1007
805,Mesa Royalty Trust,985184,USA,not_found,not_found,not_found,not_found
806,Mesabi Trust,985163,USA,not_found,MSB,Finanzdienstleistungen,US5906721015
807,Methode Electronics,900070,USA,ME5A,MEI,Elektrotechnologie,US5915202007
808,MetLife,934623,USA,MWZ,MET,Finanzdienstleistungen,US59156R1086
809,Metlife,A0JD89,USA,not_found,not_found,not_found,not_found
810,Mettler-Toledo International,910553,USA,MTO,MTD,Maschinenbau,US5926881054
811,MFA Financial,938237,USA,M4Z,MFA,Immobilien,US55272X1028
812,MGIC Investment Corp,882538,USA,MGC,MTG,Finanzdienstleistungen,US5528481030
813,MGM Resorts International,880883,USA,MGG,MGM,Hotels/Tourismus,US5529531015
814,Mid-America Apartment Communities,889495,USA,M2K,MAA,Immobilien,US59522J1034
815,Miller Industries,899083,USA,5OJ,MLR,Fahrzeuge,US6005512040
816,Mine Safety,A1XFCC,USA,M07,MSA,Sonstige Technologie,US5534981064
817,Minerals Technologies,885032,USA,MNK,MTX,Rohstoffe,US6031581068
818,Mirvac Group,924371,USA,MJB,MGR.AX,Immobilien,AU000000MGR9
819,Mistras Group,A0Q9U5,USA,not_found,MG,Dienstleistungen,US60649T1079
820,Mitsubishi UFJ Financial Group,A0HF5M,USA,MFZA,MUFGN.MX,Finanzdienstleistungen,US6068221042
821,MIX Telematics Limited,A1W322,USA,3PQA,MIXT,Software,US60688N1028
822,Mizuho Financial Group,A0LEKK,USA,MZ8A,MZ8A.F,Finanzdienstleistungen,US60687Y1091
823,Mobile TeleSystems Public Joint Stock Company,501757,USA,MKY,MBT,Telekom,US6074091090
824,Model N,A1T68U,USA,2MD,MODN,Software,US6075251024
825,Modine Manufacturing Co,869795,USA,MMF,MOD,Sonstige Technologie,US6078281002
826,Moelis & Company,A1XDZ8,USA,17M,MC,Finanzdienstleistungen,US60786M1053
827,Mohawk Industries,885067,USA,MWK,MHK,Sonstige Technologie,US6081901042
828,Molina Healthcare,157781,USA,MHG,MOH,Gesundheitswesen,US60855R1005
829,Molson Coors Beverage Company,A0DQWU,USA,NY70,TAP-A,Getränke/Tabak,US60871R1005
830,Molson Coors Beverage Company,A0DPTB,USA,NY7,TAP,Getränke/Tabak,US60871R2094
831,Monmouth Real Estate Investment Corp,-,USA,not_found,not_found,not_found,not_found
832,Moody's Corp,915246,USA,DUT,MCO,Finanzdienstleistungen,US6153691059
833,MOOG,855344,USA,MO7R,MOG-B,Industrie/Mischkonzerne,US6153943013
834,Moog,865511,USA,MO7A,MOG-A,Industrie/Mischkonzerne,US6153942023
835,Morgan Stanley,885836,USA,DWD,MS,Finanzdienstleistungen,US6174464486
836,Mosaic Company (The),A1JFWK,USA,02M,MOS,Chemie,US61945C1036
837,Motorola Solutions,A0YHMA,USA,MTLA,MSI,Halbleiter,US6200763075
838,Movado Group,887998,USA,MV4,MOV,Konsumgüter,US6245801062
839,Mplx LP,A1J7DR,USA,,MPLX,Öl/Gas,US55336V1008
840,MRC Global,A1JV8K,USA,37M,MRC,Dienstleistungen,US55345K1034
841,MSC Industrial Direct Co,898493,USA,98M,MSM,Dienstleistungen,US5535301064
842,MSCI,A0M63R,USA,3HM,MSCI,Finanzdienstleistungen,US55354G1004
843,Mueller Industries,887240,USA,MUD,MLI,Eisen/Stahl,US6247561029
844,Mueller Water Products,A0J2LX,USA,JT5,MWA,Sonstige Technologie,US6247581084
845,Murphy Oil Corp,856127,USA,MUQ,MUR,Öl/Gas,US6267171022
846,Murphy USA,A1W33K,USA,1MU,MUSA,Handel/E-Commerce,US6267551025
847,MV Oil Trust,A0RCH9,USA,not_found,not_found,not_found,not_found
848,Myers Industries,867141,USA,MJF,MYE,Kunststoffe/Verpackungen,US6284641098
849,NACCO Industries,871882,USA,NA6A,NC,Industrie/Mischkonzerne,US6295791031
850,Nam Tai Property,A112DK,USA,NT1,NTP,Immobilien,VGG639071023
851,NATIONAL BANK HOLDINGS Corp,A1J4XM,USA,NB9,NBHC,Finanzdienstleistungen,US6337071046
852,National Fuel Gas Co,854564,USA,NFG,NFG,Öl/Gas,US6361801011
853,National Health Investors,884296,USA,WX6,NHI,Immobilien,US63633D1046
854,National Presto Industries,856768,USA,not_found,NPK,Konsumgüter,US6372151042
855,National Retail Properties,A0JMJZ,USA,CZ2,NNN,Immobilien,US6374171063
856,National Storage Affiliates Trust,A14VRL,USA,4GC,NSA,Immobilien,US6378701063
857,Natural Gas Services Group,777494,USA,NGS,NGS,Öl/Gas,US63886Q1094
858,Natural Grocers BY Vitamin Cottage,A1J0X2,USA,N2V,NGVC,Handel/E-Commerce,US63888U1088
859,Nautilus,887012,USA,DF3,NLS,Freizeitprodukte,US63910B1026
860,Navigant Consulting,903129,USA,,not_found,Dienstleistungen,US63935N1072
861,NAVIGATOR HOLDINGS Ltd,A1JY36,USA,1NV,NVGS,Logistik/Transport,MHY621321089
862,Navistar International,886965,USA,not_found,not_found,not_found,not_found
863,NCR Corp,919692,USA,NCR1,NCR,Software,US62886E1082
864,Neenah,A0DLD1,USA,NQI,NP,Holz/Papier,US6400791090
865,Nelnet,911438,USA,NIJ,NNI,Finanzdienstleistungen,US64031N1081
866,NEOPHOTONICS Corp,A1CX0N,USA,,NPTN,Elektrotechnologie,US64051T1007
867,NEVRO Corp,A12EPL,USA,1N7,NVRO,Gesundheitswesen,US64157F1030
868,New Jersey Resources Corp,873388,USA,NJ1,NJR,Versorger,US6460251068
869,NEW MOUNTAIN FINANCE Corp,A1JJ6G,USA,1N4,NMFC,Finanzdienstleistungen,US6475511001
870,New Oriental Education and Technology Group,A0KFDH,USA,N1U,EDU,Dienstleistungen,US6475811070
871,New Relic,A12FNA,USA,2NR,NEWR,Software,US64829B1008
872,New York Community Capital Trust V (BONUSES),889375,USA,QC1,NYCB,Finanzdienstleistungen,US6494451031
873,New York Times Co,857534,USA,NYT,NYT,Medien,US6501111073
874,Newell Brands,860036,USA,NWL,NWL,Konsumgüter,US6512291062
875,NewMarket Corp,A0B5U3,USA,UG9,NEU,Chemie,US6515871076
876,Newmont Corp,853823,USA,NMM,NEM,Rohstoffe,US6516391066
877,Newpark Resources,854501,USA,NWP,NR,Öl/Gas,US6517185046
878,NexPoint Residential Trust,A14QBV,USA,5O4,NXRT,Immobilien,US65341D1028
879,Nextera Energy Inc,A1CZ4H,USA,FP3,NEE,Erneuerbare Energien,US65339F1012
880,NextEra Energy Partners LP,A116WY,USA,1N6,NEP,Erneuerbare Energien,US65341B1061
881,NGL Energy Partners LP,A1H9NM,USA,,NGL,Öl/Gas,US62913M1071
882,Nidec Corp.,505531,USA,NIB1,NJDCY,Hardware,US6540901096
883,Nike,866993,USA,NKE,NKE,Freizeitprodukte,US6541061031
884,NIPPON TEL. TEL.,873029,USA,NTT,9432.T,Telekom,JP3735400008
885,NiSource,876731,USA,NOU,NI,Versorger,US65473P1057
886,NL Industries,851829,USA,not_found,NL,Industrie/Mischkonzerne,US6291564077
887,Noah Holdings Limited,A1C8V1,USA,6NO,NOAH,Finanzdienstleistungen,US65487X1028
888,Noble Corp,A1W86Q,USA,not_found,not_found,not_found,not_found
889,Nokia Corp,892885,USA,NOAA,NOK,Telekom,US6549022043
890,"Nomura Holdings, Inc.",857054,USA,NSE,8604.T,Finanzdienstleistungen,JP3762600009
891,Nordic American Tanker,394869,USA,B3O,NAT,Logistik/Transport,BMG657731060
892,Nordstrom,867804,USA,NRD,JWN,Handel/E-Commerce,US6556641008
893,Norfolk Southern Corp,867028,USA,NFS,NSC,Logistik/Transport,US6558441084
894,North European Oil Royalty Trust,985169,USA,not_found,not_found,not_found,not_found
895,Northrop Grumman Corp,851915,USA,NTH,NOC,Luftfahrt/Rüstung,US6668071029
896,NorthWestern Corp,A0DLGF,USA,NWZA,NWE,Versorger,US6680743050
897,NOV,903541,USA,not_found,not_found,not_found,not_found
898,Novartis AG,907122,USA,NOTA,NVS,Pharma,US66987V1098
899,Novo-Nordisk A/S,866931,USA,NOVA,NVO,Pharma,US6701002056
900,NOW,A113R6,USA,11N,DNOW,Dienstleistungen,US67011P1003
901,NRG Energy,A0BLR4,USA,NRA,NRG,Versorger,US6293775085
902,"NTT DOCOMO, Inc.",916541,USA,not_found,not_found,not_found,not_found
903,Nucor Corp,851918,USA,NUO,NUE,Eisen/Stahl,US6703461052
904,NuSkin Enterprises,903911,USA,NUS,NUS,Kosmetik,US67018T1051
905,NuStar Energy LP,A0MNTA,USA,,NS,Öl/Gas,US67058H1023
906,NVR,888265,USA,NVE,NVR,Bau/Infrastruktur,US62944T1051
907,Occidental Petroleum Corp,851921,USA,OPC,OXY,Öl/Gas,US6745991058
908,Oceaneering International,865291,USA,OII,OII,Öl/Gas,US6752321025
909,OFG Bancorp,A1T9X8,USA,OFP,OFG,Finanzdienstleistungen,PR67103X1020
910,OGE Energy Corp,858352,USA,OG5,OGE,Versorger,US6708371033
911,OIL States International,588716,USA,OI2,OIS,Öl/Gas,US6780261052
912,Oil-Dri Corp,865311,USA,O4D,ODC,Chemie,US6778641000
913,Old Republic International Corp,883298,USA,ORJ,ORI,Finanzdienstleistungen,US6802231042
914,Olin Corp,851936,USA,OLN,OLN,Chemie,US6806652052
915,Omega Healthcare Investors,890454,USA,WX4,OHI,Immobilien,US6819361006
916,Omnicom Group,871706,USA,OCN,OMC,Dienstleistungen,US6819191064
917,ONE GAS,A1XB2X,USA,OG9,OGS,Versorger,US68235P1084
918,One Liberty Properties,878237,USA,O1A,OLP,Immobilien,US6824061039
919,Oneok,911060,USA,ONK,OKE,Öl/Gas,US6826801036
920,OPKO Health,A0MUUJ,USA,XCY,OPK,Pharma,US68375N1037
921,Oppenheimer Holdings,A0X8PS,USA,not_found,not_found,not_found,not_found
922,Oracle Corp,871460,USA,ORC,ORCL,Software,US68389X1054
923,Orange,A1W1L6,USA,FTE1,ORAN,Telekom,US6840601065
924,Orchid Island Capital,A1WZEU,USA,45U,ORC,Finanzdienstleistungen,US68571X1037
925,Orion Engineered Carbons SA,A1183M,USA,0OE,OEC,Chemie,LU1092234845
926,Orion Group Holdings,A0NDW6,USA,0OM,ORN,Bau/Infrastruktur,US68628V3087
927,ORIX Corp,929254,USA,OIXA,IX,Finanzdienstleistungen,US6863301015
928,Ormat Technologies,A0DK9X,USA,HNM,ORA,Erneuerbare Energien,US6866881021
929,Oshkosh Corp,870494,USA,OK3,OSK,Fahrzeuge,US6882392011
930,OUTFRONT Media,A12FJC,USA,76C,OUT,Dienstleistungen,US69007J1060
931,Owens & Minor,904611,USA,6OM,OMI,Gesundheitswesen,US6907321029
932,Owens Corning,A0LCN9,USA,O5Q,OC,Bau/Infrastruktur,US6907421019
933,Oxford Industries,859547,USA,OXD,OXM,Bekleidung/Textil,US6914973093
934,Packaging Corp,932483,USA,PKA,PKG,Holz/Papier,US6951561090
935,Palo Alto Networks,A1JZ0Q,USA,5AP,PANW,Netzwerktechnik,US6974351057
936,Pampa Energia SA,A0LEB0,USA,9PAA,PAM,Versorger,US6976602077
937,PAR Technology Corp,867279,USA,35U,PAR,Sonstige Technologie,US6988841036
938,Paramount Group,A1W9NU,USA,6PM,PGRE,Immobilien,US69924R1086
939,Parker-Hannifin Corp,855950,USA,PAR,PH,Maschinenbau,US7010941042
940,Party City Holdco,A14RM2,USA,5PY,PRTY,Handel/E-Commerce,US7021491052
941,Paycom Software,A1XFVG,USA,0PY,PAYC,Software,US70432V1026
942,PBF Energy,A1J9SG,USA,PEN,PBF,Öl/Gas,US69318G1067
943,Pearson plc,929450,USA,PESA,PSO,Medien,US7050151056
944,PEMBINA PIPELINE Corp,A1C563,USA,P5P,PPL.TO,Öl/Gas,CA7063271034
945,Pennsylvania Real Estate Investment Trust,-,USA,not_found,not_found,not_found,not_found
946,PennyMac Mortgage Investment Trust,A0Q4ZU,USA,8PM,PMT,Finanzdienstleistungen,US70931T1034
947,Penske Automotive Group,A0MWJE,USA,UA9,PAG,Handel/E-Commerce,US70959W1036
948,Pentair plc,A115FG,USA,PNT,PNR,Rohstoffe,IE00BLS09M33
949,PepsiCo,851995,USA,PEP,PEP,Getränke/Tabak,US7134481081
950,PerkinElmer,850943,USA,PKN,PKI,Sonstige Technologie,US7140461093
951,Permian Basin Royalty Trust,985194,USA,P0BR,PBT,Öl/Gas,US7142361069
952,Perrigo Company PLC,A1XAEY,USA,PIG,PRGO,Pharma,IE00BGH1M568
953,PETROBRAS AR.B ADR/10 AP1,A0YBWD,USA,not_found,not_found,not_found,not_found
954,Petrochina Company Limited,936983,USA,PC6A,PTR,Öl/Gas,US71646E1001
955,Petroleo Brasileiro SA-Petrobras,615375,USA,PJX,PBR-A,Öl/Gas,US71654V1017
956,Petroleo Brasileiro Sa-Petrobras ADS (REP 1 Common Share),541501,USA,PJXA,PBR,Öl/Gas,US71654V4086
957,Pfizer,852009,USA,PFE,PFE,Pharma,US7170811035
958,PG&E Corp,851962,USA,PCG,PCG,Versorger,US69331C1080
959,Philip Morris International,A0NDBJ,USA,4I1,PM,Getränke/Tabak,US7181721090
960,Phillips 66,A1JWQU,USA,R66,PSX,Öl/Gas,US7185461040
961,Phillips 66 Partners LP,A1W27H,USA,,PSXP,Öl/Gas,US7185492078
962,Phoenix NEW Media Limited,A1H98D,USA,1PXA,FENG,Medien,US71910C1036
963,Physicians Realty Trust,A1W57P,USA,42O,DOC,Immobilien,US71943U1043
964,Pinnacle West Capital Corp,853915,USA,PWC,PNW,Versorger,US7234841010
965,Pioneer Natural Resource Co,908678,USA,PNK,PXD,Öl/Gas,US7237871071
966,Piper Sandler Companies,A0BLBX,USA,PJR,PIPR,Finanzdienstleistungen,US7240781002
967,Pitney Bowes,852025,USA,PBW,PBI,Dienstleistungen,US7244791007
968,Plains All American Pipeline LP,917437,USA,,PAA,Öl/Gas,US7265031051
969,Plantronics,-,USA,not_found,not_found,not_found,not_found
970,PNC Financial Services Group,867679,USA,PNP,PNC,Finanzdienstleistungen,US6934751057
971,PNM Resources,529983,USA,98P,PNM,Versorger,US69349H1077
972,Polaris,893819,USA,PL6,PII,Fahrzeuge,US7310681025
973,Portland General Electric Company,A0JK32,USA,49P,POR,Versorger,US7365088472
974,POSCO,893094,USA,PKX,PKX,Eisen/Stahl,US6934831099
975,Post Holdings,A1JS25,USA,2PO,POST,Nahrungsmittel/Agrar,US7374461041
976,PPG Industries,852026,USA,PPQ,PPG,Chemie,US6935061076
977,PPL Corp,895250,USA,PP9,PPL,Öl/Gas,US69351T1060
978,Preferred Apartment Communities,A1C2BK,USA,P2A,APTS,Immobilien,US74039L1035
979,Prestige Consumer Healthcare,A0DN17,USA,PBV,PBH,Dienstleistungen,US74112D1019
980,Pretium Resources,A1H4B5,USA,6P7,PVG.TO,Rohstoffe,CA74139C1023
981,PRIMERICA,A1CVKD,USA,PI7,PRI,Finanzdienstleistungen,US74164M1080
982,Principal Financial Group,694660,USA,PG4,PFG,Finanzdienstleistungen,US74251V1026
983,ProAssurance Corp,676103,USA,PRK,PRA,Finanzdienstleistungen,US74267C1062
984,Procter & Gamble Company,852062,USA,PRG,PG,Konsumgüter,US7427181091
985,Progressive Corp,865496,USA,PGV,PGR,Finanzdienstleistungen,US7433151039
986,PROLOGIS,A1JBD1,USA,POJN,PLD,Immobilien,US74340W1036
987,Pros Holdings,A0MRGS,USA,PH2,PRO,Software,US74346Y1038
988,Prosperity Bancshares,923484,USA,PPY,PB,Finanzdienstleistungen,US7436061052
989,Proto Labs,A1JUHT,USA,PRZ,PRLB,Maschinenbau,US7437131094
990,Provident Financial Services,725214,USA,PQ3,PFS,Finanzdienstleistungen,US74386T1051
991,Prudential Financial,764959,USA,PLL,PRU,Finanzdienstleistungen,US7443201022
992,"PRUDENTIAL PLC LS-,05",852069,USA,PRU,PRU.L,Finanzdienstleistungen,GB0007099541
993,Prudential Public Limited,A0HGTK,USA,not_found,not_found,not_found,not_found
994,PS Business Parks,912488,USA,not_found,PSB,Immobilien,US69360J1079
995,PT Telekomunikasi Indonesia,898255,USA,PTI,TLK,Telekom,US7156841063
996,Public Service Enterprise Group,852070,USA,PSE,PEG,Versorger,US7445731067
997,Public Storage,867609,USA,PUP,PSA,Immobilien,US74460D1090
998,Pultegroup,854435,USA,PU7,PHM,Bau/Infrastruktur,US7458671010
999,Puma Biotechnology,A1J643,USA,0PB,PBYI,Biotechnologie,US74587V1070
1000,PVH Corp,A1JHA5,USA,PVH,PVH,Bekleidung/Textil,US6936561009
1001,Pzena Investment Management,A0MYXG,USA,3PZ1,PZN,Finanzdienstleistungen,US74731Q1031
1002,Q2 Holdings,A1XEYE,USA,0Q2,QTWO,Software,US74736L1098
1003,QEP Resources,A1CYV1,USA,not_found,not_found,not_found,not_found
1004,QUAD/GRAPHICS,A1C12H,USA,QGU,QUAD,Dienstleistungen,US7473011093
1005,Quaker Houghton,865108,USA,QUC,KWR,Chemie,US7473161070
1006,Quanex Building Products Corp,A0MV6A,USA,4Q2,NX,Bau/Infrastruktur,US7476191041
1007,Quanta Services,912294,USA,QAA,PWR,Dienstleistungen,US74762E1029
1008,Quest Diagnostics,904533,USA,QDI,DGX,Gesundheitswesen,US74834L1008
1009,Radian Group,885069,USA,RAG,RDN,Finanzdienstleistungen,US7502361014
1010,Ralph Lauren Corp,A1JD3A,USA,PRL,RL,Bekleidung/Textil,US7512121010
1011,Range Resources Corp,867939,USA,RAX,RRC,Öl/Gas,US75281A1097
1012,Raymond James Financial,875072,USA,RJF,RJF,Finanzdienstleistungen,US7547301090
1013,Rayonier,889684,USA,RA6,RYN,Holz/Papier,US7549071030
1014,Rayonier Advanced Materials,A115CX,USA,RYQ,RYAM,Chemie,US75508B1044
1015,Re/Max Holdings,A1W4VU,USA,2RM,RMAX,Immobilien,US75524W1080
1016,REALOGY HOLDINGS Corp,A1J54Y,USA,04M,RLGY,Immobilien,US75605Y1064
1017,Realty Income Corp,899744,USA,RY6,O,Immobilien,US7561091049
1018,Redwood Trust,905851,USA,R2V,RWT,Immobilien,US7580754023
1019,Regal Beloit Corp,876288,USA,RB8,RRX,Maschinenbau,US7587501039
1020,Regency Centers Corp,888499,USA,RRC,REG,Immobilien,US7588491032
1021,REGIONAL MANAGEMENT Corp,A1JXWY,USA,46F,RM,Finanzdienstleistungen,US75902K1060
1022,REGIONS FINANCIAL Corp,-,USA,not_found,not_found,not_found,not_found
1023,Regions Financial Corp,A0B6XA,USA,RN7,RF,Finanzdienstleistungen,US7591EP1005
1024,Regis Corp,896286,USA,RGI,RGS,Dienstleistungen,US7589321071
1025,Reinsurance Group of America,-,USA,not_found,not_found,not_found,not_found
1026,Reinsurance Group of America,A0RC70,USA,RGPB,RGA,Finanzdienstleistungen,US7593516047
1027,Reliance Steel & Aluminium Co,892629,USA,RS6,RS,Eisen/Stahl,US7595091023
1028,RenaissanceRe Holdings Ltd,896628,USA,RRJ,RNR,Finanzdienstleistungen,BMG7496G1033
1029,Republic Services,915201,USA,RPU,RSG,Dienstleistungen,US7607591002
1030,ResMed,895878,USA,RME,RMD,Gesundheitswesen,US7611521078
1031,Resolute Forest Products,A1JYW7,USA,7AB1,RFP,Holz/Papier,US76117W1099
1032,Retail Properties OF America,A1JWRA,USA,not_found,not_found,not_found,not_found
1033,Revlon,A0Q9V1,USA,RVL1,REV,Kosmetik,US7615256093
1034,REX American Resources Corp,869089,USA,RX3,REX,Erneuerbare Energien,US7616241052
1035,Rexford Industrial Realty,A1W27P,USA,3I0,REXR,Immobilien,US76169C1009
1036,Reynolds America,A0B7KR,USA,not_found,not_found,not_found,not_found
1037,RINGCENTRAL,A1W58K,USA,3RCA,RNG,Telekom,US76680R2067
1038,Rio Tinto plc,868009,USA,RIOA,RIO,Rohstoffe,US7672041008
1039,Ritchie Bros Auctioneers,912785,USA,2R8,RBA,Dienstleistungen,CA7677441056
1040,RLI Corp,857241,USA,RL1,RLI,Finanzdienstleistungen,US7496071074
1041,RLJ Lodging Trust,A1JAX4,USA,not_found,RLJ,Immobilien,US74965L1017
1042,Robert Half International,856701,USA,RHJ,RHI,Dienstleistungen,US7703231032
1043,Rockwell Automation,903978,USA,RWL,ROK,Elektrotechnologie,US7739031091
1044,Rogers Communications,867590,USA,RCIB,RCI-B.TO,Telekom,CA7751092007
1045,Rogers Corp,863178,USA,RG6,ROG,Elektrotechnologie,US7751331015
1046,Rollins,859002,USA,RLS,ROL,Dienstleistungen,US7757111049
1047,Roper Technologies,883563,USA,ROP,ROP,Elektrotechnologie,US7766961061
1048,Royal Bank of Canada,852173,USA,RYC,RY.TO,Finanzdienstleistungen,CA7800871021
1049,Royal Caribbean Group,886286,USA,RC8,RCL,Hotels/Tourismus,LR0008862868
1050,Royal Dutch Shell PLC,A0ERUK,USA,R6C2,RDS-B,Öl/Gas,US7802591070
1051,Royal Dutch Shell PLC,A0ET6Q,USA,R6C1,RDS-A,Öl/Gas,US7802592060
1052,Royce Global Value Trust,A1W6BV,USA,not_found,not_found,not_found,not_found
1053,Royce Micro-Cap Trust,939055,USA,not_found,not_found,not_found,not_found
1054,Royce Value Trust,880604,USA,not_found,not_found,not_found,not_found
1055,RPC,869766,USA,RLD,RES,Öl/Gas,US7496601060
1056,RPM International,863462,USA,RP8,RPM,Chemie,US7496851038
1057,Ryder System,855369,USA,RYD,R,Logistik/Transport,US7835491082
1058,RYERSON HOLDING Corp,A1CXHX,USA,7RY,RYI,Eisen/Stahl,US7837541041
1059,Ryman Hospitality Properties,A1J5LB,USA,4RH,RHP,Medien,US78377T1079
1060,Sabine Royalty Trust,985206,USA,not_found,not_found,not_found,not_found
1061,Safe Bulkers,A14TW8,USA,not_found,not_found,not_found,not_found
1062,Safe Bulkers,A14T6H,USA,not_found,not_found,not_found,not_found
1063,Safe Bulkers,A0Q2R4,USA,SBL,SB,Logistik/Transport,MHY7388L1039
1064,Safeguard Scientifics,A0YAM0,USA,SFU1,SFE,Dienstleistungen,US7864492076
1065,salesforce.com,A0B87V,USA,FOO,CRM,Software,US79466L3024
1066,Sally Beauty Holdings,A0LETB,USA,S7V,SBH,Handel/E-Commerce,US79546E1047
1067,San Juan Basin Royalty Trust UBI,985193,USA,not_found,not_found,not_found,not_found
1068,Sanchez Energy Corporation,A1JRS0,USA,,not_found,Öl/Gas,US79970Y1055
1069,Sanofi ADS,662283,USA,SNW2,SNY,Pharma,US80105N1054
1070,Santander Consumer USA Holdings,A1XB31,USA,77S,SC,Finanzdienstleistungen,US80283M1018
1071,SAP SE,879535,USA,SAPA,SAPA.F,Software,US8030542042
1072,SARATOGA INVESTMENT Corp,A1C34N,USA,not_found,not_found,not_found,not_found
1073,Sasol Limited,865585,USA,SAO,SSL,Öl/Gas,US8038663006
1074,Saul Centers,887474,USA,SA4,BFS,Immobilien,US8043951016
1075,SCE TRUST III,-,USA,not_found,not_found,not_found,not_found
1076,Schlumberger Limited,853390,USA,SCL,SLB,Öl/Gas,AN8068571086
1077,Schweitzer-Mauduit International,898081,USA,MH2,SWM,Holz/Papier,US8085411069
1078,SCIENCE APPLICATIONS INTERNATIONAL Corp,A1W5U2,USA,85S,SAIC,IT-Dienstleistungen,US8086251076
1079,Scotts Miracle-Gro Company (The),883369,USA,SCQA,SMG,Chemie,US8101861065
1080,Seabridge Gold,541875,USA,SRM,SEA.TO,Rohstoffe,CA8119161054
1081,Sealed Air Corp,913368,USA,SDA,SEE,Kunststoffe/Verpackungen,US81211K1007
1082,Seaworld Entertainment,A1T8QH,USA,W2L,SEAS,Hotels/Tourismus,US81282V1008
1083,SELECT MEDICAL HOLDINGS Corp,A0Q9RF,USA,S24,SEM,Gesundheitswesen,US81619Q1058
1084,Semiconductor  Manufacturing International Corporation,A0B892,USA,not_found,not_found,not_found,not_found
1085,Sempra,915266,USA,SE4,SRE,Versorger,US8168511090
1086,Senior Housing Properties Trust,928485,USA,not_found,not_found,not_found,not_found
1087,Sensient Technology Corp,864463,USA,SSF,SXT,Sonstige Technologie,US81725T1007
1088,Service Corp,859232,USA,SVC,SCI,Dienstleistungen,US8175651046
1089,SERVICENOW,A1JX4P,USA,4S0,NOW,IT-Dienstleistungen,US81762P1021
1090,Shake Shack,A14MVX,USA,9SH,SHAK,Nahrungsmittel/Agrar,US8190471016
1091,Shaw Communications,905979,USA,SWC,SJR-B.TO,Telekom,CA82028K2002
1092,Shell Midstream Partners LP,A12D40,USA,not_found,SHLX,Öl/Gas,US8226341019
1093,Sherwin-Williams Company (The),856050,USA,SJ3,SHW,Chemie,US8243481061
1094,Shinhan Financial Group Co Ltd,727566,USA,KSF1,SHG,Finanzdienstleistungen,US8245961003
1095,SHUTTERSTOCK,A1J51N,USA,S3T,SSTK,Dienstleistungen,US8256901005
1096,Signet Jewelers Limited,A0Q9SE,USA,SZ2,SIG,Konsumgüter,BMG812761002
1097,Simon Property Group,916647,USA,SQI,SPG,Finanzdienstleistungen,US8288061091
1098,Simon Property Group,A0YA0J,USA,not_found,not_found,not_found,not_found
1099,Simpson Manufacturing Co,912711,USA,TWL,SSD,Bau/Infrastruktur,US8290731053
1100,Sinopec Shanghai Petrochemical Co Ltd,887169,USA,SHI,SHI,Chemie,US82935M1099
1101,Six Flags Entertainment Corp,A1C180,USA,6FE,SIX,Unterhaltung,US83001A1025
1102,SJW Group,939072,USA,76W,SJW,Versorger,US7843051043
1103,SK Telecom Co Ltd,902578,USA,not_found,not_found,not_found,not_found
1104,Skechers USA,922814,USA,SKAA,SKX,Bekleidung/Textil,US8305661055
1105,SL GREEN REALTY Corp,-,USA,not_found,not_found,not_found,not_found
1106,SM Energy Company,A1CZW5,USA,SJL,SM,Öl/Gas,US78454L1008
1107,Smith & Nephew plc,939163,USA,NPWA,SNN,Gesundheitswesen,US83175M2052
1108,Snap-on,853887,USA,SPU,SNA,Dienstleistungen,US8330341012
1109,Sociedad Quimica y Minera de Chile SA,895007,USA,QYM,SQM,Chemie,US8336351056
1110,Sonic Automotive,910513,USA,SA8A,SAH,Fahrzeuge,US83545G1022
1111,Sonoco Products Company,861171,USA,SNS,SON,Kunststoffe/Verpackungen,US8354951027
1112,SONY CORP.,853687,USA,SON1,6758.T,Konsumgüter,JP3435000009
1113,Source Capital,867649,USA,not_found,not_found,not_found,not_found
1114,South Jersey Industries,860789,USA,J4S,SJI,Versorger,US8385181081
1115,Southern Company (The),852523,USA,SOT,SO,Versorger,US8425871071
1116,Southern Copper Corp,A0HG1Y,USA,PCU,SCCO,Rohstoffe,US84265V1052
1117,Southwest Airlines Co,862837,USA,SWN,LUV,Luftfahrt/Rüstung,US8447411088
1118,Southwest Gas Holdings,863050,USA,SZR,SWX,Öl/Gas,US8448951025
1119,Southwestern Energy Company,887333,USA,SW5,SWN,Öl/Gas,US8454671095
1120,Spectra Energy Corp.,A0LHDG,USA,not_found,not_found,not_found,not_found
1121,Spirit Aerosystems Holdings,A0LEXG,USA,S9Q,SPR,Luftfahrt/Rüstung,US8485741099
1122,Sprague Resources LP,A1JPNK,USA,,SRLP,Öl/Gas,US8493431089
1123,SPX Corp,850619,USA,SPW,SPXC,Sonstige Technologie,US7846351044
1124,St Joe Company,862032,USA,JOE,JOE,Immobilien,US7901481009
1125,Stag Industrial,A1C8BH,USA,SW6,STAG,Immobilien,US85254J1025
1126,Standard Motor Products,855022,USA,SRU,SMP,Fahrzeuge,US8536661056
1127,Standex International Corp,856956,USA,9SI,SXI,Maschinenbau,US8542311076
1128,Stanley Black & Decker,A1CTQA,USA,SWF,SWK,Dienstleistungen,US8545021011
1129,Stantec,813102,USA,S3A,STN.TO,Dienstleistungen,CA85472N1096
1130,Star Group LP,898592,USA,not_found,not_found,not_found,not_found
1131,Startek,907569,USA,K2R,SRT,Dienstleistungen,US85569C1071
1132,Starwood Property Trust,A0N9JF,USA,VSP,STWD,Immobilien,US85571B1052
1133,State Street Corp,A1XE4H,USA,not_found,not_found,not_found,not_found
1134,State Street Corp,864777,USA,ZYA,STT,Finanzdienstleistungen,US8574771031
1135,Statoil ASA,676685,USA,not_found,not_found,not_found,not_found
1136,Steel Partners Holdings LP,A1CWVA,USA,not_found,SPLP,Finanzdienstleistungen,US85814R1077
1137,Steelcase,912283,USA,GJB,SCS,Bau/Infrastruktur,US8581552036
1138,STELLUS CAPITAL INVESTMENT Corp,A1KA51,USA,GO0,SCM,Finanzdienstleistungen,US8585681088
1139,Stepan Co,859510,USA,96S,SCL,Chemie,US8585861003
1140,Sterling Bancorp,A1W748,USA,PVDA,STL,Finanzdienstleistungen,US85917A1007
1141,Stewart Information Services Corp,887667,USA,SIU,STC,Finanzdienstleistungen,US8603721015
1142,Stifel Financial Corp,873773,USA,2SI,SF,Finanzdienstleistungen,US8606301021
1143,STMicroelectronics NV,897710,USA,SGMR,STM,Halbleiter,US8610121027
1144,Stoneridge,909846,USA,2GX,SRI,Elektrotechnologie,US86183P1021
1145,STORE Capital Corp,A12CRU,USA,S76,STOR,Immobilien,US8621211007
1146,Structured Products CorTS PECO Energy Cap Trust III,-,USA,not_found,not_found,not_found,not_found
1147,Stryker Corp,864952,USA,SYK,SYK,Pharma,US8636671013
1148,Sturm Ruger & Company,861820,USA,ST2,RGR,Sonstige Technologie,US8641591081
1149,Suburban Propane Partners L P,924916,USA,,SPH,Öl/Gas,US8644821048
1150,Sumitomo Mitsui Financial Group,A1C8HL,USA,XMFA,SMFG,Finanzdienstleistungen,US86562M2098
1151,Summit Hotel Properties,A1H7RF,USA,SDP,INN,Immobilien,US8660821005
1152,Summit Materials,A14QAG,USA,7SU,SUM,Bau/Infrastruktur,US86614U1007
1153,Sun Communities,888745,USA,SCZ,SUI,Immobilien,US8666741041
1154,Sun Life Financial,936039,USA,LIE,SLF.TO,Finanzdienstleistungen,CA8667961053
1155,Suncoke Energy,A1JDCZ,USA,S01,SXC,Rohstoffe,US86722A1034
1156,Suncor Energy,A0NJU2,USA,SM3,SU.TO,Öl/Gas,CA8672241079
1157,Sunstone Hotel Investors,A0DK4W,USA,UF2,SHO,Immobilien,US8678921011
1158,SunTrust Banks,871788,USA,not_found,not_found,not_found,not_found
1159,Superior Industries International,866479,USA,SPD,SUP,Fahrzeuge,US8681681057
1160,Synchrony Financial,A117UJ,USA,SFE,SYF,Finanzdienstleistungen,US87165B1035
1161,Synovus Financial Corp,A114G1,USA,SYU1,SNV,Finanzdienstleistungen,US87161C5013
1162,Sysco Corp,859121,USA,SYY,SYY,Nahrungsmittel/Agrar,US8718291078
1163,T-Mobile US,A1T7LU,USA,TM5,TMUS,Telekom,US8725901040
1164,Tahoe Resources,A1C0RA,USA,not_found,not_found,not_found,not_found
1165,Taiwan Semiconductor Manufacturing Company Ltd,909800,USA,TSFA,TSM,Halbleiter,US8740391003
1166,TAL Education Group,A1C7VE,USA,IZZ,TAL,Dienstleistungen,US8740801043
1167,Tanger Factory Outlet Centers,886676,USA,T6O,SKT,Immobilien,US8754651060
1168,Targa Resources Corp,A1C9E3,USA,TAR,TRGP,Öl/Gas,US87612G1013
1169,Target Corp,856243,USA,DYH,TGT,Handel/E-Commerce,US87612E1064
1170,Taro Pharmaceutical Industries Ltd,897505,USA,TAL,TARO,Pharma,IL0010827181
1171,Tata Motors Limited,A0DJ9M,USA,TATB,TTM,Fahrzeuge,US8765685024
1172,Taylor Morrison Home Corp,A1T8F9,USA,THM,TMHC,Bau/Infrastruktur,US87724P1066
1173,TD SYNNEX Corp,250815,USA,SUX,SNX,IT-Dienstleistungen,US87162W1009
1174,TE CONNECTIVITY Ltd,A0RP04,USA,9TC,TEL,Elektrotechnologie,CH0102993182
1175,Team,865796,USA,T9C,TISI,Bau/Infrastruktur,US8781551002
1176,Teck Resources Limited,858265,USA,TEKB,TECK-B.TO,Rohstoffe,CA8787422044
1177,Teekay Corp,896253,USA,TCD,TK,Logistik/Transport,MHY8564W1030
1178,Teekay LNG Partners LP,A0ET81,USA,,not_found,Logistik/Transport,MHY8564M1057
1179,Teekay Offshore Partners LP,A0MR2M,USA,not_found,not_found,not_found,not_found
1180,Tejon Ranch Co,864891,USA,2TJ,TRC,Immobilien,US8790801091
1181,Telecom Argentina SA,894259,USA,TEO,TEO,Telekom,US8792732096
1182,Telecom Italia S.P.A.,121866,USA,TQIA,TIIAY,Telekom,US87927Y1029
1183,TELECOM ITALIA SPA CLASS A,121865,USA,TQI1,TIAIY,Telekom,US87927Y2019
1184,Teledyne Technologies,926932,USA,TYZ,TDY,Elektrotechnologie,US8793601050
1185,Teleflex,855853,USA,TBH,TFX,Gesundheitswesen,US8793691069
1186,Telefonica SA,874715,USA,TNE2,TEF,Telekom,US8793822086
1187,Telephone and Data Systems,A1JS1Q,USA,not_found,TDS,Telekom,US8794338298
1188,Telus Corp,918447,USA,BCZ,T.TO,Telekom,CA87971M1032
1189,Tempur Sealy International,A0BLAA,USA,TPD,TPX,Gesundheitswesen,US88023U1016
1190,Tenaris S A,164558,USA,TW1,TS,Eisen/Stahl,US88031M1099
1191,Tenet Healthcare Corp,A1J5US,USA,THC1,THC,Gesundheitswesen,US88033G4073
1192,Tennant Company,858055,USA,TN1,TNC,Sonstige Technologie,US8803451033
1193,Tenneco,928670,USA,TNN,TEN,Fahrzeuge,US8803491054
1194,Tennessee Valley Authority Power Bonds 1998 Series D due June 1 2028,-,USA,not_found,not_found,not_found,not_found
1195,TERADATA Corp,A0M0ZR,USA,3T4,TDC,Software,US88076W1036
1196,Teradyne,859892,USA,TEY,TER,Halbleiter,US8807701029
1197,Terex Corp,884072,USA,TXG,TEX,Maschinenbau,US8807791038
1198,Ternium SA,A0ESPU,USA,T5Z,TX,Eisen/Stahl,US8808901081
1199,TERRA NITROGEN COM.UTS,906383,USA,not_found,not_found,not_found,not_found
1200,Terreno Realty Corp,A0YF59,USA,T37,TRNO,Immobilien,US88146M1018
1201,TETRA Technologies,880267,USA,TGI,TTI,Öl/Gas,US88162F1057
1202,Teva Pharmaceutical Industries Limited,883035,USA,TEV,TEVA,Pharma,US8816242098
1203,Textainer Group Holdings limited,A0M49J,USA,3T7,TGH,Logistik/Transport,BMG8766E1093
1204,Textron,852659,USA,TXT,TXT,Industrie/Mischkonzerne,US8832031012
1205,The China Fund Inc.,884475,USA,CHN,CHN,Finanzdienstleistungen,US1693731077
1206,THE Container Store Group,A1W7F4,USA,36C,TCS,Handel/E-Commerce,US2107511030
1207,THE PNC Financial Services Group,A1JXFY,USA,not_found,not_found,not_found,not_found
1208,Thermo Fisher Scientific,857209,USA,TN8,TMO,Gesundheitswesen,US8835561023
1209,Thermon Group Holdings,A1H99U,USA,8TG,THR,Elektrotechnologie,US88362T1034
1210,Thor Industries,872478,USA,TIV,THO,Fahrzeuge,US8851601018
1211,Tiffany & Co,872811,USA,not_found,not_found,not_found,not_found
1212,Tilly's,A1JXJK,USA,4TL,TLYS,Handel/E-Commerce,US8868851028
1213,TIME WARNER DL-01,A0RGAY,USA,not_found,not_found,not_found,not_found
1214,Timken Company (The),852676,USA,TKH,TKR,Eisen/Stahl,US8873891043
1215,TIMKENSTEEL Corp,A116LK,USA,ZS2,TMST,Eisen/Stahl,US8873991033
1216,Titan International,886485,USA,TZ4,TWI,Fahrzeuge,US88830M1027
1217,TJX Companies,854854,USA,TJX,TJX,Bekleidung/Textil,US8725401090
1218,Toll Brothers,871450,USA,TLK,TOL,Bau/Infrastruktur,US8894781033
1219,Tootsie Roll Industries,865003,USA,TZ3,TR,Nahrungsmittel/Agrar,US8905161076
1220,Toro Company (The),861568,USA,TO2,TTC,Maschinenbau,US8910921084
1221,Toronto Dominion Bank,852684,USA,TDB,0VL8.L,Finanzdienstleistungen,CA8911605092
1222,Total SE,882930,USA,TOTA,TOTA.SG,Öl/Gas,US89151E1091
1223,Townsquare Media,A1175U,USA,2T8,TSQ,Medien,US8922311019
1224,Toyota Motor Corp,888452,USA,TOMA,TM,Fahrzeuge,US8923313071
1225,TransAlta Corp,885412,USA,TZ1,TA.TO,Versorger,CA89346D1078
1226,Transcontinental Realty Investors,880309,USA,TI9,TCI,Immobilien,US8936172092
1227,TransDigm Group,A0JEP3,USA,T7D,TDG,Luftfahrt/Rüstung,US8936411003
1228,Transocean Ltd,A0REAY,USA,TOJ,RIG,Öl/Gas,CH0048265513
1229,Transportadora de Gas del Sur SA,890708,USA,T2K1,TGS,Öl/Gas,US8938702045
1230,Travelers Companies (The),A0MLX4,USA,PA9,TRV,Finanzdienstleistungen,US89417E1091
1231,Trecora Resources,A116QC,USA,A34,TREC,Chemie,US8946481046
1232,Tredegar Corp,877428,USA,T70,TG,Kunststoffe/Verpackungen,US8946501009
1233,Treehouse Foods,A0ER18,USA,T4H,THS,Nahrungsmittel/Agrar,US89469A1043
1234,Trex Company,938716,USA,TRR,TREX,Bau/Infrastruktur,US89531P1057
1235,Tri Continental Corporation,852701,USA,not_found,not_found,not_found,not_found
1236,Tri Pointe Homes,A1H9GR,USA,T86,TPH,Bau/Infrastruktur,US87265H1095
1237,Tri-Continental Corp,880435,USA,not_found,not_found,not_found,not_found
1238,Trinet Group,929937,USA,TN3,TNET,Dienstleistungen,US8962881079
1239,Trinity Industries,856427,USA,TTA,TRN,Industrie/Mischkonzerne,US8965221091
1240,TRINSEO SA DL -01,A116BS,USA,not_found,not_found,not_found,not_found
1241,TRIPLEPOINT VENTURE GROWTH BDC Corp,A1XFEK,USA,6JS,TPVG,Finanzdienstleistungen,US89677Y1001
1242,Triumph Group,903498,USA,TG7,TGI,Luftfahrt/Rüstung,US8968181011
1243,Trueblue,A0M93G,USA,not_found,TBI,Dienstleistungen,US89785X1019
1244,Trupanion,A117KY,USA,TPW,TRUP,Finanzdienstleistungen,US8982021060
1245,Tupperware Brands Corp,901014,USA,TUP,TUP,Konsumgüter,US8998961044
1246,Turkcell Iletisim Hizmetleri AS,806276,USA,TUL1,TKC,Telekom,US9001112047
1247,Twitter,A1W6XZ,USA,TWR,TWTR,Internet,US90184L1026
1248,Tyler Technologies,917099,USA,TYP,TYL,Software,US9022521051
1249,Tyson Foods,870625,USA,TF7A,TSN,Nahrungsmittel/Agrar,US9024941034
1250,UDR,A0MM15,USA,UF0,UDR,Immobilien,US9026531049
1251,UGI Corp,887836,USA,3U6,UGI,Dienstleistungen,US9026811052
1252,Ultrapar Participacoes SA,928325,USA,UGR,UGR.F,Rohstoffe,US90400P1012
1253,UMH Properties,A0JNGE,USA,WXE,UMH,Immobilien,US9030021037
1254,Under Armour,A0HL4V,USA,U9R,UAA,Bekleidung/Textil,US9043111072
1255,UNIFI,-,USA,not_found,not_found,not_found,not_found
1256,Unifirst Corp,867982,USA,U1N,UNF,Dienstleistungen,US9047081040
1257,Unilever plc,854342,USA,UNVA,UL,Konsumgüter,US9047677045
1258,Union Pacific Corp,858144,USA,UNP,UNP,Logistik/Transport,US9078181081
1259,Unisys Corp,A0YCM4,USA,USY1,UIS,Hardware,US9092143067
1260,United Airlines Holdings,A1C6TV,USA,UAL1,UAL,Luftfahrt/Rüstung,US9100471096
1261,United Microelectronic Corp,A0M2R4,USA,UMCB,UMC,Halbleiter,US9108734057
1262,United Parcel Service,929198,USA,UPAB,UPS,Logistik/Transport,US9113121068
1263,United Rentals,911443,USA,UR3,URI,Dienstleistungen,US9113631090
1264,United States Cellular Corp,875189,USA,US7,USM,Telekom,US9116841084
1265,United States Steel Corp,529498,USA,USX1,X,Eisen/Stahl,US9129091081
1266,Unitedhealth Group,869561,USA,UNH,UNH,Gesundheitswesen,US91324P1021
1267,Unitil Corp,663242,USA,not_found,UTL,Versorger,US9132591077
1268,Universal Corp,859669,USA,UVV,UVV,Getränke/Tabak,US9134561094
1269,Universal Health Realty Income Trust,985290,USA,WY8,UHT,Immobilien,US91359E1055
1270,Universal Health Services,866462,USA,UHS,UHS,Gesundheitswesen,US9139031002
1271,Universal Insurance Hldg,911236,USA,5UI,UVE,Finanzdienstleistungen,US91359V1070
1272,Universal Technical Institute,590097,USA,UTI,UTI,Dienstleistungen,US9139151040
1273,Unum Group,872055,USA,UUM,UNM,Finanzdienstleistungen,US91529Y1064
1274,Urban Edge Properties,A12HHQ,USA,3UE,UE,Immobilien,US91704F1049
1275,Urstadt Biddle Properties,862816,USA,WVI,UBP,Immobilien,US9172861067
1276,Urstadt Biddle Properties,939160,USA,WXB,UBA,Immobilien,US9172862057
1277,US Bancorp,A0X9ZK,USA,not_found,not_found,not_found,not_found
1278,US Bancorp,-,USA,not_found,not_found,not_found,not_found
1279,US Bancorp,917523,USA,UB5,USB,Finanzdienstleistungen,US9029733048
1280,US Bancorp,A1C0ZC,USA,22UA,not_found,not_found,not_found
1281,US Physical Therapy,923954,USA,UPH,USPH,Gesundheitswesen,US90337L1089
1282,US Silica Holdings,A1JS16,USA,USI,SLCA,Rohstoffe,US90346E1038
1283,USA Compression Partners LP,A1KB0J,USA,,USAC,Öl/Gas,US90290N1090
1284,USANA Health Sciences,923145,USA,USJ,USNA,Biotechnologie,US90328M1071
1285,Vaalco Energy,883016,USA,VAW,EGY,Öl/Gas,US91851C2017
1286,Vail Resorts,905285,USA,VAI,MTN,Hotels/Tourismus,US91879Q1094
1287,Vale SA,A0RN7M,USA,CVLB,VALE,Eisen/Stahl,US91912E1055
1288,Valero Energy Corp,908683,USA,V1L,VLO,Öl/Gas,US91913Y1001
1289,Valley National Bancorp,874148,USA,VNB,VLY,Finanzdienstleistungen,US9197941076
1290,Valmont Industries,858096,USA,VI1,VMI,Eisen/Stahl,US9202531011
1291,Varian Medical Systems,852812,USA,not_found,not_found,not_found,not_found
1292,Vector Group Ltd,874420,USA,VGR,VGR,Getränke/Tabak,US92240M1080
1293,Vectrus,A12BGS,USA,1V1,VEC,Dienstleistungen,US92242T1016
1294,Veeva Systems,A1W5SA,USA,VEE,VEEV,Software,US9224751084
1295,Ventas,878380,USA,VEN,VTR,Immobilien,US92276F1003
1296,VERITIV Corp,A116CF,USA,288,VRTV,Logistik/Transport,US9234541020
1297,Verizon Communications,868402,USA,BAC,VZ,Telekom,US92343V1044
1298,Vermilion Energy,A1C4MN,USA,CVZ,VET.TO,Öl/Gas,CA9237251058
1299,VF Corp,857621,USA,VFP,VFC,Bekleidung/Textil,US9182041080
1300,Viad Corp,A0B6NE,USA,DIL1,VVI,Dienstleistungen,US92552R4065
1301,Vipshop Holdings Limited,A1JVJQ,USA,1VPA,1VPA.F,Internet,US92763W1036
1302,VISA,A0NC7B,USA,3V64,V,Finanzdienstleistungen,US92826C8394
1303,Vishay Intertechnology,861320,USA,VHY,VSH,Halbleiter,US9282981086
1304,Vishay Precision Group,A1C1AL,USA,SV5,VPG,Elektrotechnologie,US92835K1034
1305,Vista Outdoor,A14MAD,USA,5VO,VSTO,Freizeitprodukte,US9283771007
1306,Visteon Corp,A1C6VY,USA,VS51,VC,Fahrzeuge,US92839U2069
1307,Vivint Solar,A12AWB,USA,not_found,not_found,not_found,not_found
1308,VMware,A0MYC8,USA,BZF1,VMW,Software,US9285634021
1309,VOC Energy Trust,A1JGTZ,USA,5VC,VOC,Öl/Gas,US91829B1035
1310,Vocera Communications,A1JVRE,USA,V00,VCRA,Telekom,US92857F1075
1311,Vonage Holdings Corp,A0JM16,USA,V1Y,VG,Telekom,US92886T2015
1312,Vornado Realty Trust,893899,USA,VO7,VNO,Immobilien,US9290421091
1313,Voya Financial,A110V5,USA,V0Y,VOYA,Finanzdienstleistungen,US9290891004
1314,Vulcan Materials Company(Holding Company),855854,USA,VMC,VMC,Bau/Infrastruktur,US9291601097
1315,W&T Offshore,A0B5ZU,USA,UWV,WTI,Öl/Gas,US92922P1066
1316,Wabash National Corp,883541,USA,WA9,WNC,Maschinenbau,US9295661071
1317,Wabtec,896022,USA,WB2,WAB,Sonstige Technologie,US9297401088
1318,Walker & Dunlop,A1C6W8,USA,5WD,WD,Finanzdienstleistungen,US93148P1021
1319,Walmart,860853,USA,WMT,WMT,Handel/E-Commerce,US9311421039
1320,Walt Disney Company (The),855686,USA,WDP,DIS,Unterhaltung,US2546871060
1321,Washington Real Estate Investment Trust,985213,USA,WRI,WRE,Immobilien,US9396531017
1322,Waste Management,893579,USA,UWS,WM,Dienstleistungen,US94106L1098
1323,Waters Corp,898123,USA,WAZ,WAT,Sonstige Technologie,US9418481035
1324,Watsco,885676,USA,WC3,WSO,Dienstleistungen,US9426222009
1325,Watsco,857475,USA,WC30,WSO-B,Dienstleistungen,US9426221019
1326,Watts Water Technologies,876388,USA,W3W,WTS,Sonstige Technologie,US9427491025
1327,Wayfair,A12AKN,USA,1WF,W,Internet,US94419L1017
1328,Webster Financial Corp,895305,USA,WED,WBS,Finanzdienstleistungen,US9478901096
1329,Weis Markets,855101,USA,76K,WMK,Handel/E-Commerce,US9488491047
1330,Wells Fargo,A0REP4,USA,not_found,not_found,not_found,not_found
1331,Wells Fargo & Co,857949,USA,NWT,WFC,Finanzdienstleistungen,US9497461015
1332,WESCO Aircraft Holdings,A1JDA6,USA,,not_found,Luftfahrt/Rüstung,US9508141036
1333,Wesco International,922305,USA,WP7,WCC,Logistik/Transport,US95082P1057
1334,West Pharmaceutical Services,864330,USA,WPS,WST,Pharma,US9553061055
1335,Western Alliance Bancorporation,A0ETE2,USA,WEA,WAL,Finanzdienstleistungen,US9576381092
1336,Western Union Company (The),A0LA17,USA,W3U,WU,Finanzdienstleistungen,US9598021098
1337,Westlake Chemical Corp,A0B7ET,USA,UEO,WLK,Chemie,US9604131022
1338,Westlake Chemical Partners LP,A118RE,USA,,WLKP,Chemie,US9604171036
1339,Westpac Banking Corp,876713,USA,WBCC,WBK,Finanzdienstleistungen,US9612143019
1340,WEX,A1J7A6,USA,WL9,WEX,Finanzdienstleistungen,US96208T1043
1341,Weyerhaeuser Company,854357,USA,WHC,WY,Holz/Papier,US9621661043
1342,Whirlpool Corp,856331,USA,WHR,WHR,Konsumgüter,US9633201069
1343,White Mountains Insurance Group Ltd,870243,USA,WNI,WTM,Finanzdienstleistungen,BMG9618E1075
1344,Whitestone REIT,A1JJ6F,USA,not_found,WSR,Immobilien,US9660842041
1345,Williams Companies,855451,USA,WMB,WMB,Öl/Gas,US9694571004
1346,Williams-Sonoma,867980,USA,WM1,WSM,Handel/E-Commerce,US9699041011
1347,Winnebago Industries,857479,USA,WI1,WGO,Fahrzeuge,US9746371007
1348,Wipro Limited,578886,USA,WIOA,WIT,Software,US97651M1099
1349,WNS Holdings Limited,A0J381,USA,W9N,WNS,Dienstleistungen,US92932M1018
1350,Wolverine World Wide,855987,USA,WW4,WWW,Bekleidung/Textil,US9780971035
1351,Workday,A1J39P,USA,W7D,WDAY,Software,US98138H1014
1352,Workiva,A12GL6,USA,0WKA,WK,Software,US98139A1051
1353,World Fuel Services Corp,877876,USA,WFK,INT,Dienstleistungen,US9814751064
1354,World Wrestling Entertainment,928669,USA,WWFA,WWE,Unterhaltung,US98156Q1085
1355,Worthington Industries,870882,USA,WTH,WOR,Eisen/Stahl,US9818111026
1356,WP Carey,A1J5SB,USA,WPY,WPC,Finanzdienstleistungen,US92936U1097
1357,WR Berkley Corp,870493,USA,WR1,WRB,Finanzdienstleistungen,US0844231029
1358,WR Grace & Co,913367,USA,,not_found,Chemie,US38388F1084
1359,WW Grainger,857498,USA,GWW,GWW,Dienstleistungen,US3848021040
1360,Xcel Energy,855009,USA,NRN,XEL,Versorger,US98389B1008
1361,Xenia Hotels & Resorts,A14NUJ,USA,0XHR,XHR,Immobilien,US9840171030
1362,Xinyuan Real Estate Co Ltd,A0M8JH,USA,3XRA,XIN,Bau/Infrastruktur,US98417P1057
1363,XPO Logistics,A1JHUP,USA,UX2A,XPO,Logistik/Transport,US9837931008
1364,Xylem,A1JMBU,USA,XY6,XYL,Dienstleistungen,US98419M1009
1365,Yamana Gold,357818,USA,RNY,YRI.TO,Rohstoffe,CA98462Y1007
1366,Yanzhou Coal Mining Company Ltd.,913195,USA,YZC,YZCAY,Rohstoffe,US9848461052
1367,YELP,A1JQ9H,USA,Y9L,YELP,Internet,US9858171054
1368,YPF Sociedad Anonima,886738,USA,YPF,YPF,Öl/Gas,US9842451000
1369,Yum! Brands,909190,USA,TGR,YUM,Nahrungsmittel/Agrar,US9884981013
1370,ZENDESK,A1115T,USA,0ZD,ZEN,Software,US98936J1016
1371,Zimmer Biomet Holdings,753718,USA,ZIM,ZBH,Gesundheitswesen,US98956P1021
1372,ZOETIS,A1KBYX,USA,ZOE,ZTS,Pharma,US98978V1035
